"","Year","Island","Site","Viable","Occupied","Egg","Hatch","LastCheck","sst.sep","sst.oct","sst.nov","sst.dec","sst.jan","sst.feb","sst.mar","sst.april","sst.may","sst.june","sst.july","sst.aug","sst.spring","sst.summer","sst.lag1","sst.lag2","mei.sep","mei.oct","mei.nov","mei.dec","mei.jan","mei.feb","mei.mar","mei.april","mei.may","mei.june","mei.july","mei.aug","mei.avg","st.onset","st.length","cu.sep","cu.oct","cu.nov","cu.dec","cu.jan","cu.feb","cu.mar","cu.april","cu.may","cu.june","cu.july","cu.aug","cu.spring","cu.summer","cua.sep","cua.oct","cua.nov","cua.dec","cua.jan","cua.feb","cua.mar","cua.april","cua.may","cua.june","cua.july","cua.aug","cua.spring","cua.summer","pdo.sep","pdo.oct","pdo.nov","pdo.dec","pdo.jan","pdo.feb","pdo.mar","pdo.april","pdo.may","pdo.june","pdo.july","pdo.aug","pdo.index"
"1",2010,"DI","Boathouse",22,15,15,13,10,13.1047334,12.4227238,9.85499954,8.69966507,8.48936367,9.65208054,9.3199358,11.0228138,11.2212753,13.4723053,14.1605482,13.7115717,10.52134163,13.78147507,11.79415225,8.947036427,0.57,1.05,0.96,0.94,1.28,1.32,0.49,-0.16,-1.31,-2.41,-2.39,-2.27,-0.160833333,161,159,0,-12,-109,-80,-258,-111,-43,1,12,17,59,17,13,93,-4,26,-21,20,-168,-63,-22,1,-5,-8,26,-6,-4,12,0.329,0.132,-0.718,-0.261,0.298,0.298,-0.001,-0.021,-0.17,-0.799,-1.586,-1.707,-0.0768
"2",2010,"DI","Catwalk.Salmon",13,7,5,5,4,13.1047334,12.4227238,9.85499954,8.69966507,8.48936367,9.65208054,9.3199358,11.0228138,11.2212753,13.4723053,14.1605482,13.7115717,10.52134163,13.78147507,11.79415225,8.947036427,0.57,1.05,0.96,0.94,1.28,1.32,0.49,-0.16,-1.31,-2.41,-2.39,-2.27,-0.160833333,161,159,0,-12,-109,-80,-258,-111,-43,1,12,17,59,17,13,93,-4,26,-21,20,-168,-63,-22,1,-5,-8,26,-6,-4,12,0.329,0.132,-0.718,-0.261,0.298,0.298,-0.001,-0.021,-0.17,-0.799,-1.586,-1.707,-0.0768
"3",2010,"DI","Catwalk.Willow",13,8,8,8,8,13.1047334,12.4227238,9.85499954,8.69966507,8.48936367,9.65208054,9.3199358,11.0228138,11.2212753,13.4723053,14.1605482,13.7115717,10.52134163,13.78147507,11.79415225,8.947036427,0.57,1.05,0.96,0.94,1.28,1.32,0.49,-0.16,-1.31,-2.41,-2.39,-2.27,-0.160833333,161,159,0,-12,-109,-80,-258,-111,-43,1,12,17,59,17,13,93,-4,26,-21,20,-168,-63,-22,1,-5,-8,26,-6,-4,12,0.329,0.132,-0.718,-0.261,0.298,0.298,-0.001,-0.021,-0.17,-0.799,-1.586,-1.707,-0.0768
"4",2010,"DI","Salmon.Sequel",11,7,7,5,3,13.1047334,12.4227238,9.85499954,8.69966507,8.48936367,9.65208054,9.3199358,11.0228138,11.2212753,13.4723053,14.1605482,13.7115717,10.52134163,13.78147507,11.79415225,8.947036427,0.57,1.05,0.96,0.94,1.28,1.32,0.49,-0.16,-1.31,-2.41,-2.39,-2.27,-0.160833333,161,159,0,-12,-109,-80,-258,-111,-43,1,12,17,59,17,13,93,-4,26,-21,20,-168,-63,-22,1,-5,-8,26,-6,-4,12,0.329,0.132,-0.718,-0.261,0.298,0.298,-0.001,-0.021,-0.17,-0.799,-1.586,-1.707,-0.0768
"5",2010,"DI","SW.Point",14,10,8,8,7,13.1047334,12.4227238,9.85499954,8.69966507,8.48936367,9.65208054,9.3199358,11.0228138,11.2212753,13.4723053,14.1605482,13.7115717,10.52134163,13.78147507,11.79415225,8.947036427,0.57,1.05,0.96,0.94,1.28,1.32,0.49,-0.16,-1.31,-2.41,-2.39,-2.27,-0.160833333,161,159,0,-12,-109,-80,-258,-111,-43,1,12,17,59,17,13,93,-4,26,-21,20,-168,-63,-22,1,-5,-8,26,-6,-4,12,0.329,0.132,-0.718,-0.261,0.298,0.298,-0.001,-0.021,-0.17,-0.799,-1.586,-1.707,-0.0768
"6",2010,"DI","Willow.Gully",11,10,10,10,10,13.1047334,12.4227238,9.85499954,8.69966507,8.48936367,9.65208054,9.3199358,11.0228138,11.2212753,13.4723053,14.1605482,13.7115717,10.52134163,13.78147507,11.79415225,8.947036427,0.57,1.05,0.96,0.94,1.28,1.32,0.49,-0.16,-1.31,-2.41,-2.39,-2.27,-0.160833333,161,159,0,-12,-109,-80,-258,-111,-43,1,12,17,59,17,13,93,-4,26,-21,20,-168,-63,-22,1,-5,-8,26,-6,-4,12,0.329,0.132,-0.718,-0.261,0.298,0.298,-0.001,-0.021,-0.17,-0.799,-1.586,-1.707,-0.0768
"7",2010,"PI","s741",11,5,5,5,4,14.146719,10.125,9.24834728,7.72490644,7.13714647,8.09166622,8.68005562,8.74333286,10.6683331,10.4633331,12.8924999,11.8649998,9.363907193,11.7402776,11.17335543,7.65123971,0.57,1.05,0.96,0.94,1.28,1.32,0.49,-0.16,-1.31,-2.41,-2.39,-2.27,-0.160833333,161,159,0,-12,-109,-80,-258,-111,-43,1,12,17,59,17,13,93,-4,26,-21,20,-168,-63,-22,1,-5,-8,26,-6,-4,12,0.329,0.132,-0.718,-0.261,0.298,0.298,-0.001,-0.021,-0.17,-0.799,-1.586,-1.707,-0.0768
"8",2010,"PI","s742",11,9,9,8,7,14.146719,10.125,9.24834728,7.72490644,7.13714647,8.09166622,8.68005562,8.74333286,10.6683331,10.4633331,12.8924999,11.8649998,9.363907193,11.7402776,11.17335543,7.65123971,0.57,1.05,0.96,0.94,1.28,1.32,0.49,-0.16,-1.31,-2.41,-2.39,-2.27,-0.160833333,161,159,0,-12,-109,-80,-258,-111,-43,1,12,17,59,17,13,93,-4,26,-21,20,-168,-63,-22,1,-5,-8,26,-6,-4,12,0.329,0.132,-0.718,-0.261,0.298,0.298,-0.001,-0.021,-0.17,-0.799,-1.586,-1.707,-0.0768
"9",2010,"PI","s743",10,8,8,8,7,14.146719,10.125,9.24834728,7.72490644,7.13714647,8.09166622,8.68005562,8.74333286,10.6683331,10.4633331,12.8924999,11.8649998,9.363907193,11.7402776,11.17335543,7.65123971,0.57,1.05,0.96,0.94,1.28,1.32,0.49,-0.16,-1.31,-2.41,-2.39,-2.27,-0.160833333,161,159,0,-12,-109,-80,-258,-111,-43,1,12,17,59,17,13,93,-4,26,-21,20,-168,-63,-22,1,-5,-8,26,-6,-4,12,0.329,0.132,-0.718,-0.261,0.298,0.298,-0.001,-0.021,-0.17,-0.799,-1.586,-1.707,-0.0768
"10",2010,"PI","s744",11,7,7,5,4,14.146719,10.125,9.24834728,7.72490644,7.13714647,8.09166622,8.68005562,8.74333286,10.6683331,10.4633331,12.8924999,11.8649998,9.363907193,11.7402776,11.17335543,7.65123971,0.57,1.05,0.96,0.94,1.28,1.32,0.49,-0.16,-1.31,-2.41,-2.39,-2.27,-0.160833333,161,159,0,-12,-109,-80,-258,-111,-43,1,12,17,59,17,13,93,-4,26,-21,20,-168,-63,-22,1,-5,-8,26,-6,-4,12,0.329,0.132,-0.718,-0.261,0.298,0.298,-0.001,-0.021,-0.17,-0.799,-1.586,-1.707,-0.0768
"11",2010,"PI","s746",9,7,6,4,4,14.146719,10.125,9.24834728,7.72490644,7.13714647,8.09166622,8.68005562,8.74333286,10.6683331,10.4633331,12.8924999,11.8649998,9.363907193,11.7402776,11.17335543,7.65123971,0.57,1.05,0.96,0.94,1.28,1.32,0.49,-0.16,-1.31,-2.41,-2.39,-2.27,-0.160833333,161,159,0,-12,-109,-80,-258,-111,-43,1,12,17,59,17,13,93,-4,26,-21,20,-168,-63,-22,1,-5,-8,26,-6,-4,12,0.329,0.132,-0.718,-0.261,0.298,0.298,-0.001,-0.021,-0.17,-0.799,-1.586,-1.707,-0.0768
"12",2010,"PI","s747",10,8,7,7,6,14.146719,10.125,9.24834728,7.72490644,7.13714647,8.09166622,8.68005562,8.74333286,10.6683331,10.4633331,12.8924999,11.8649998,9.363907193,11.7402776,11.17335543,7.65123971,0.57,1.05,0.96,0.94,1.28,1.32,0.49,-0.16,-1.31,-2.41,-2.39,-2.27,-0.160833333,161,159,0,-12,-109,-80,-258,-111,-43,1,12,17,59,17,13,93,-4,26,-21,20,-168,-63,-22,1,-5,-8,26,-6,-4,12,0.329,0.132,-0.718,-0.261,0.298,0.298,-0.001,-0.021,-0.17,-0.799,-1.586,-1.707,-0.0768
"13",2010,"PI","s748",10,8,7,5,5,14.146719,10.125,9.24834728,7.72490644,7.13714647,8.09166622,8.68005562,8.74333286,10.6683331,10.4633331,12.8924999,11.8649998,9.363907193,11.7402776,11.17335543,7.65123971,0.57,1.05,0.96,0.94,1.28,1.32,0.49,-0.16,-1.31,-2.41,-2.39,-2.27,-0.160833333,161,159,0,-12,-109,-80,-258,-111,-43,1,12,17,59,17,13,93,-4,26,-21,20,-168,-63,-22,1,-5,-8,26,-6,-4,12,0.329,0.132,-0.718,-0.261,0.298,0.298,-0.001,-0.021,-0.17,-0.799,-1.586,-1.707,-0.0768
"14",2010,"PI","s749",10,8,8,8,7,14.146719,10.125,9.24834728,7.72490644,7.13714647,8.09166622,8.68005562,8.74333286,10.6683331,10.4633331,12.8924999,11.8649998,9.363907193,11.7402776,11.17335543,7.65123971,0.57,1.05,0.96,0.94,1.28,1.32,0.49,-0.16,-1.31,-2.41,-2.39,-2.27,-0.160833333,161,159,0,-12,-109,-80,-258,-111,-43,1,12,17,59,17,13,93,-4,26,-21,20,-168,-63,-22,1,-5,-8,26,-6,-4,12,0.329,0.132,-0.718,-0.261,0.298,0.298,-0.001,-0.021,-0.17,-0.799,-1.586,-1.707,-0.0768
"15",2010,"PI","s750",10,10,9,9,9,14.146719,10.125,9.24834728,7.72490644,7.13714647,8.09166622,8.68005562,8.74333286,10.6683331,10.4633331,12.8924999,11.8649998,9.363907193,11.7402776,11.17335543,7.65123971,0.57,1.05,0.96,0.94,1.28,1.32,0.49,-0.16,-1.31,-2.41,-2.39,-2.27,-0.160833333,161,159,0,-12,-109,-80,-258,-111,-43,1,12,17,59,17,13,93,-4,26,-21,20,-168,-63,-22,1,-5,-8,26,-6,-4,12,0.329,0.132,-0.718,-0.261,0.298,0.298,-0.001,-0.021,-0.17,-0.799,-1.586,-1.707,-0.0768
"16",2011,"DI","Boathouse",9,8,7,4,4,14.7797356,13.8883553,10.7482948,9.16149712,8.02992153,7.96280336,7.83001709,9.54272079,11.4467211,14.3300648,15.0481415,13.5961084,9.606486327,14.32477157,13.13879523,8.38474067,-2.17,-2.02,-1.9,-1.82,-1.62,-1.79,-1.72,-1.27,-1.05,-0.83,-0.87,-1.15,-1.5175,82,190,-6,-41,-39,-159,-22,-11,-123,1,5,17,16,18,6,51,-10,-3,49,-59,68,36,-103,1,-12,-8,-18,-5,-11,-31,-1.527,-1.142,-1.303,-1.582,-1.435,-1.134,-1.036,-0.972,-0.941,-1.467,-2.173,-1.904,-1.298
"17",2011,"DI","Catwalk.Salmon",7,7,7,7,7,14.7797356,13.8883553,10.7482948,9.16149712,8.02992153,7.96280336,7.83001709,9.54272079,11.4467211,14.3300648,15.0481415,13.5961084,9.606486327,14.32477157,13.13879523,8.38474067,-2.17,-2.02,-1.9,-1.82,-1.62,-1.79,-1.72,-1.27,-1.05,-0.83,-0.87,-1.15,-1.5175,82,190,-6,-41,-39,-159,-22,-11,-123,1,5,17,16,18,6,51,-10,-3,49,-59,68,36,-103,1,-12,-8,-18,-5,-11,-31,-1.527,-1.142,-1.303,-1.582,-1.435,-1.134,-1.036,-0.972,-0.941,-1.467,-2.173,-1.904,-1.298
"18",2011,"DI","Catwalk.Willow",12,6,6,6,6,14.7797356,13.8883553,10.7482948,9.16149712,8.02992153,7.96280336,7.83001709,9.54272079,11.4467211,14.3300648,15.0481415,13.5961084,9.606486327,14.32477157,13.13879523,8.38474067,-2.17,-2.02,-1.9,-1.82,-1.62,-1.79,-1.72,-1.27,-1.05,-0.83,-0.87,-1.15,-1.5175,82,190,-6,-41,-39,-159,-22,-11,-123,1,5,17,16,18,6,51,-10,-3,49,-59,68,36,-103,1,-12,-8,-18,-5,-11,-31,-1.527,-1.142,-1.303,-1.582,-1.435,-1.134,-1.036,-0.972,-0.941,-1.467,-2.173,-1.904,-1.298
"19",2011,"DI","Salmon.Sequel",8,3,2,2,2,14.7797356,13.8883553,10.7482948,9.16149712,8.02992153,7.96280336,7.83001709,9.54272079,11.4467211,14.3300648,15.0481415,13.5961084,9.606486327,14.32477157,13.13879523,8.38474067,-2.17,-2.02,-1.9,-1.82,-1.62,-1.79,-1.72,-1.27,-1.05,-0.83,-0.87,-1.15,-1.5175,82,190,-6,-41,-39,-159,-22,-11,-123,1,5,17,16,18,6,51,-10,-3,49,-59,68,36,-103,1,-12,-8,-18,-5,-11,-31,-1.527,-1.142,-1.303,-1.582,-1.435,-1.134,-1.036,-0.972,-0.941,-1.467,-2.173,-1.904,-1.298
"20",2011,"DI","SW.Point",19,16,11,8,8,14.7797356,13.8883553,10.7482948,9.16149712,8.02992153,7.96280336,7.83001709,9.54272079,11.4467211,14.3300648,15.0481415,13.5961084,9.606486327,14.32477157,13.13879523,8.38474067,-2.17,-2.02,-1.9,-1.82,-1.62,-1.79,-1.72,-1.27,-1.05,-0.83,-0.87,-1.15,-1.5175,82,190,-6,-41,-39,-159,-22,-11,-123,1,5,17,16,18,6,51,-10,-3,49,-59,68,36,-103,1,-12,-8,-18,-5,-11,-31,-1.527,-1.142,-1.303,-1.582,-1.435,-1.134,-1.036,-0.972,-0.941,-1.467,-2.173,-1.904,-1.298
"21",2011,"DI","Willow.Gully",9,6,6,6,6,14.7797356,13.8883553,10.7482948,9.16149712,8.02992153,7.96280336,7.83001709,9.54272079,11.4467211,14.3300648,15.0481415,13.5961084,9.606486327,14.32477157,13.13879523,8.38474067,-2.17,-2.02,-1.9,-1.82,-1.62,-1.79,-1.72,-1.27,-1.05,-0.83,-0.87,-1.15,-1.5175,82,190,-6,-41,-39,-159,-22,-11,-123,1,5,17,16,18,6,51,-10,-3,49,-59,68,36,-103,1,-12,-8,-18,-5,-11,-31,-1.527,-1.142,-1.303,-1.582,-1.435,-1.134,-1.036,-0.972,-0.941,-1.467,-2.173,-1.904,-1.298
"22",2011,"PI","s741",9,7,5,4,4,12.1376257,10.6463051,8.96500015,7.98374939,7.67000532,7.30673218,7.27499962,9.12833309,9.84630871,10.291666,11.1449995,11.6792612,8.749880473,11.03864223,10.58297698,7.65349563,-2.17,-2.02,-1.9,-1.82,-1.62,-1.79,-1.72,-1.27,-1.05,-0.83,-0.87,-1.15,-1.5175,82,190,-6,-41,-39,-159,-22,-11,-123,1,5,17,16,18,6,51,-10,-3,49,-59,68,36,-103,1,-12,-8,-18,-5,-11,-31,-1.527,-1.142,-1.303,-1.582,-1.435,-1.134,-1.036,-0.972,-0.941,-1.467,-2.173,-1.904,-1.298
"23",2011,"PI","s742",8,8,6,6,6,12.1376257,10.6463051,8.96500015,7.98374939,7.67000532,7.30673218,7.27499962,9.12833309,9.84630871,10.291666,11.1449995,11.6792612,8.749880473,11.03864223,10.58297698,7.65349563,-2.17,-2.02,-1.9,-1.82,-1.62,-1.79,-1.72,-1.27,-1.05,-0.83,-0.87,-1.15,-1.5175,82,190,-6,-41,-39,-159,-22,-11,-123,1,5,17,16,18,6,51,-10,-3,49,-59,68,36,-103,1,-12,-8,-18,-5,-11,-31,-1.527,-1.142,-1.303,-1.582,-1.435,-1.134,-1.036,-0.972,-0.941,-1.467,-2.173,-1.904,-1.298
"24",2011,"PI","s743",10,8,8,6,6,12.1376257,10.6463051,8.96500015,7.98374939,7.67000532,7.30673218,7.27499962,9.12833309,9.84630871,10.291666,11.1449995,11.6792612,8.749880473,11.03864223,10.58297698,7.65349563,-2.17,-2.02,-1.9,-1.82,-1.62,-1.79,-1.72,-1.27,-1.05,-0.83,-0.87,-1.15,-1.5175,82,190,-6,-41,-39,-159,-22,-11,-123,1,5,17,16,18,6,51,-10,-3,49,-59,68,36,-103,1,-12,-8,-18,-5,-11,-31,-1.527,-1.142,-1.303,-1.582,-1.435,-1.134,-1.036,-0.972,-0.941,-1.467,-2.173,-1.904,-1.298
"25",2011,"PI","s744",9,8,8,6,5,12.1376257,10.6463051,8.96500015,7.98374939,7.67000532,7.30673218,7.27499962,9.12833309,9.84630871,10.291666,11.1449995,11.6792612,8.749880473,11.03864223,10.58297698,7.65349563,-2.17,-2.02,-1.9,-1.82,-1.62,-1.79,-1.72,-1.27,-1.05,-0.83,-0.87,-1.15,-1.5175,82,190,-6,-41,-39,-159,-22,-11,-123,1,5,17,16,18,6,51,-10,-3,49,-59,68,36,-103,1,-12,-8,-18,-5,-11,-31,-1.527,-1.142,-1.303,-1.582,-1.435,-1.134,-1.036,-0.972,-0.941,-1.467,-2.173,-1.904,-1.298
"26",2011,"PI","s746",8,6,4,4,4,12.1376257,10.6463051,8.96500015,7.98374939,7.67000532,7.30673218,7.27499962,9.12833309,9.84630871,10.291666,11.1449995,11.6792612,8.749880473,11.03864223,10.58297698,7.65349563,-2.17,-2.02,-1.9,-1.82,-1.62,-1.79,-1.72,-1.27,-1.05,-0.83,-0.87,-1.15,-1.5175,82,190,-6,-41,-39,-159,-22,-11,-123,1,5,17,16,18,6,51,-10,-3,49,-59,68,36,-103,1,-12,-8,-18,-5,-11,-31,-1.527,-1.142,-1.303,-1.582,-1.435,-1.134,-1.036,-0.972,-0.941,-1.467,-2.173,-1.904,-1.298
"27",2011,"PI","s747",5,3,3,3,3,12.1376257,10.6463051,8.96500015,7.98374939,7.67000532,7.30673218,7.27499962,9.12833309,9.84630871,10.291666,11.1449995,11.6792612,8.749880473,11.03864223,10.58297698,7.65349563,-2.17,-2.02,-1.9,-1.82,-1.62,-1.79,-1.72,-1.27,-1.05,-0.83,-0.87,-1.15,-1.5175,82,190,-6,-41,-39,-159,-22,-11,-123,1,5,17,16,18,6,51,-10,-3,49,-59,68,36,-103,1,-12,-8,-18,-5,-11,-31,-1.527,-1.142,-1.303,-1.582,-1.435,-1.134,-1.036,-0.972,-0.941,-1.467,-2.173,-1.904,-1.298
"28",2011,"PI","s748",10,6,5,3,3,12.1376257,10.6463051,8.96500015,7.98374939,7.67000532,7.30673218,7.27499962,9.12833309,9.84630871,10.291666,11.1449995,11.6792612,8.749880473,11.03864223,10.58297698,7.65349563,-2.17,-2.02,-1.9,-1.82,-1.62,-1.79,-1.72,-1.27,-1.05,-0.83,-0.87,-1.15,-1.5175,82,190,-6,-41,-39,-159,-22,-11,-123,1,5,17,16,18,6,51,-10,-3,49,-59,68,36,-103,1,-12,-8,-18,-5,-11,-31,-1.527,-1.142,-1.303,-1.582,-1.435,-1.134,-1.036,-0.972,-0.941,-1.467,-2.173,-1.904,-1.298
"29",2011,"PI","s749",10,10,7,7,5,12.1376257,10.6463051,8.96500015,7.98374939,7.67000532,7.30673218,7.27499962,9.12833309,9.84630871,10.291666,11.1449995,11.6792612,8.749880473,11.03864223,10.58297698,7.65349563,-2.17,-2.02,-1.9,-1.82,-1.62,-1.79,-1.72,-1.27,-1.05,-0.83,-0.87,-1.15,-1.5175,82,190,-6,-41,-39,-159,-22,-11,-123,1,5,17,16,18,6,51,-10,-3,49,-59,68,36,-103,1,-12,-8,-18,-5,-11,-31,-1.527,-1.142,-1.303,-1.582,-1.435,-1.134,-1.036,-0.972,-0.941,-1.467,-2.173,-1.904,-1.298
"30",2011,"PI","s750",9,9,7,7,6,12.1376257,10.6463051,8.96500015,7.98374939,7.67000532,7.30673218,7.27499962,9.12833309,9.84630871,10.291666,11.1449995,11.6792612,8.749880473,11.03864223,10.58297698,7.65349563,-2.17,-2.02,-1.9,-1.82,-1.62,-1.79,-1.72,-1.27,-1.05,-0.83,-0.87,-1.15,-1.5175,82,190,-6,-41,-39,-159,-22,-11,-123,1,5,17,16,18,6,51,-10,-3,49,-59,68,36,-103,1,-12,-8,-18,-5,-11,-31,-1.527,-1.142,-1.303,-1.582,-1.435,-1.134,-1.036,-0.972,-0.941,-1.467,-2.173,-1.904,-1.298
"31",2012,"DI","Boathouse",26,16,13,10,9,13.7079344,13.3122749,10.5126181,8.07432938,8.36662102,8.15324783,7.81388569,9.40061378,10.9012585,13.6950274,14.7617159,14.0471029,9.371919323,14.16794873,12.51094247,8.198066077,-1.36,-1.2,-1.23,-1.07,-0.68,-0.59,-0.42,-0.34,-0.28,0.31,-0.04,-0.31,-0.600833333,125,174,-5,-9,-48,-4,-77,-50,-57,-15,11,2,39,11,-4,52,-9,30,39,96,13,-3,-36,-15,-6,-23,6,-11,-21,-28,-1.845,-1.638,-2.567,-2.056,-1.593,-1.12,-1.188,-0.597,-1.634,-1.28,-1.788,-1.673,-1.7048
"32",2012,"DI","Catwalk.Salmon",7,6,5,3,2,13.7079344,13.3122749,10.5126181,8.07432938,8.36662102,8.15324783,7.81388569,9.40061378,10.9012585,13.6950274,14.7617159,14.0471029,9.371919323,14.16794873,12.51094247,8.198066077,-1.36,-1.2,-1.23,-1.07,-0.68,-0.59,-0.42,-0.34,-0.28,0.31,-0.04,-0.31,-0.600833333,125,174,-5,-9,-48,-4,-77,-50,-57,-15,11,2,39,11,-4,52,-9,30,39,96,13,-3,-36,-15,-6,-23,6,-11,-21,-28,-1.845,-1.638,-2.567,-2.056,-1.593,-1.12,-1.188,-0.597,-1.634,-1.28,-1.788,-1.673,-1.7048
"33",2012,"DI","Catwalk.Willow",13,3,3,3,3,13.7079344,13.3122749,10.5126181,8.07432938,8.36662102,8.15324783,7.81388569,9.40061378,10.9012585,13.6950274,14.7617159,14.0471029,9.371919323,14.16794873,12.51094247,8.198066077,-1.36,-1.2,-1.23,-1.07,-0.68,-0.59,-0.42,-0.34,-0.28,0.31,-0.04,-0.31,-0.600833333,125,174,-5,-9,-48,-4,-77,-50,-57,-15,11,2,39,11,-4,52,-9,30,39,96,13,-3,-36,-15,-6,-23,6,-11,-21,-28,-1.845,-1.638,-2.567,-2.056,-1.593,-1.12,-1.188,-0.597,-1.634,-1.28,-1.788,-1.673,-1.7048
"34",2012,"DI","Salmon.Sequel",9,8,7,7,7,13.7079344,13.3122749,10.5126181,8.07432938,8.36662102,8.15324783,7.81388569,9.40061378,10.9012585,13.6950274,14.7617159,14.0471029,9.371919323,14.16794873,12.51094247,8.198066077,-1.36,-1.2,-1.23,-1.07,-0.68,-0.59,-0.42,-0.34,-0.28,0.31,-0.04,-0.31,-0.600833333,125,174,-5,-9,-48,-4,-77,-50,-57,-15,11,2,39,11,-4,52,-9,30,39,96,13,-3,-36,-15,-6,-23,6,-11,-21,-28,-1.845,-1.638,-2.567,-2.056,-1.593,-1.12,-1.188,-0.597,-1.634,-1.28,-1.788,-1.673,-1.7048
"35",2012,"DI","SW.Point",22,14,12,10,10,13.7079344,13.3122749,10.5126181,8.07432938,8.36662102,8.15324783,7.81388569,9.40061378,10.9012585,13.6950274,14.7617159,14.0471029,9.371919323,14.16794873,12.51094247,8.198066077,-1.36,-1.2,-1.23,-1.07,-0.68,-0.59,-0.42,-0.34,-0.28,0.31,-0.04,-0.31,-0.600833333,125,174,-5,-9,-48,-4,-77,-50,-57,-15,11,2,39,11,-4,52,-9,30,39,96,13,-3,-36,-15,-6,-23,6,-11,-21,-28,-1.845,-1.638,-2.567,-2.056,-1.593,-1.12,-1.188,-0.597,-1.634,-1.28,-1.788,-1.673,-1.7048
"36",2012,"DI","Willow.Gully",11,9,8,7,7,13.7079344,13.3122749,10.5126181,8.07432938,8.36662102,8.15324783,7.81388569,9.40061378,10.9012585,13.6950274,14.7617159,14.0471029,9.371919323,14.16794873,12.51094247,8.198066077,-1.36,-1.2,-1.23,-1.07,-0.68,-0.59,-0.42,-0.34,-0.28,0.31,-0.04,-0.31,-0.600833333,125,174,-5,-9,-48,-4,-77,-50,-57,-15,11,2,39,11,-4,52,-9,30,39,96,13,-3,-36,-15,-6,-23,6,-11,-21,-28,-1.845,-1.638,-2.567,-2.056,-1.593,-1.12,-1.188,-0.597,-1.634,-1.28,-1.788,-1.673,-1.7048
"37",2012,"PI","s741",12,8,6,4,4,11.5735588,9.53592777,7.22913694,8.12829494,7.93875504,7.65250015,7.37498569,6.90509605,9.24993229,10.7849998,11.835,12.2349997,7.84333801,11.61833317,9.446207837,7.90651671,-1.36,-1.2,-1.23,-1.07,-0.68,-0.59,-0.42,-0.34,-0.28,0.31,-0.04,-0.31,-0.600833333,125,174,-5,-9,-48,-4,-77,-50,-57,-15,11,2,39,11,-4,52,-9,30,39,96,13,-3,-36,-15,-6,-23,6,-11,-21,-28,-1.845,-1.638,-2.567,-2.056,-1.593,-1.12,-1.188,-0.597,-1.634,-1.28,-1.788,-1.673,-1.7048
"38",2012,"PI","s742",10,7,7,6,6,11.5735588,9.53592777,7.22913694,8.12829494,7.93875504,7.65250015,7.37498569,6.90509605,9.24993229,10.7849998,11.835,12.2349997,7.84333801,11.61833317,9.446207837,7.90651671,-1.36,-1.2,-1.23,-1.07,-0.68,-0.59,-0.42,-0.34,-0.28,0.31,-0.04,-0.31,-0.600833333,125,174,-5,-9,-48,-4,-77,-50,-57,-15,11,2,39,11,-4,52,-9,30,39,96,13,-3,-36,-15,-6,-23,6,-11,-21,-28,-1.845,-1.638,-2.567,-2.056,-1.593,-1.12,-1.188,-0.597,-1.634,-1.28,-1.788,-1.673,-1.7048
"39",2012,"PI","s743",10,10,8,6,6,11.5735588,9.53592777,7.22913694,8.12829494,7.93875504,7.65250015,7.37498569,6.90509605,9.24993229,10.7849998,11.835,12.2349997,7.84333801,11.61833317,9.446207837,7.90651671,-1.36,-1.2,-1.23,-1.07,-0.68,-0.59,-0.42,-0.34,-0.28,0.31,-0.04,-0.31,-0.600833333,125,174,-5,-9,-48,-4,-77,-50,-57,-15,11,2,39,11,-4,52,-9,30,39,96,13,-3,-36,-15,-6,-23,6,-11,-21,-28,-1.845,-1.638,-2.567,-2.056,-1.593,-1.12,-1.188,-0.597,-1.634,-1.28,-1.788,-1.673,-1.7048
"40",2012,"PI","s744",12,11,10,9,9,11.5735588,9.53592777,7.22913694,8.12829494,7.93875504,7.65250015,7.37498569,6.90509605,9.24993229,10.7849998,11.835,12.2349997,7.84333801,11.61833317,9.446207837,7.90651671,-1.36,-1.2,-1.23,-1.07,-0.68,-0.59,-0.42,-0.34,-0.28,0.31,-0.04,-0.31,-0.600833333,125,174,-5,-9,-48,-4,-77,-50,-57,-15,11,2,39,11,-4,52,-9,30,39,96,13,-3,-36,-15,-6,-23,6,-11,-21,-28,-1.845,-1.638,-2.567,-2.056,-1.593,-1.12,-1.188,-0.597,-1.634,-1.28,-1.788,-1.673,-1.7048
"41",2012,"PI","s746",5,2,2,1,1,11.5735588,9.53592777,7.22913694,8.12829494,7.93875504,7.65250015,7.37498569,6.90509605,9.24993229,10.7849998,11.835,12.2349997,7.84333801,11.61833317,9.446207837,7.90651671,-1.36,-1.2,-1.23,-1.07,-0.68,-0.59,-0.42,-0.34,-0.28,0.31,-0.04,-0.31,-0.600833333,125,174,-5,-9,-48,-4,-77,-50,-57,-15,11,2,39,11,-4,52,-9,30,39,96,13,-3,-36,-15,-6,-23,6,-11,-21,-28,-1.845,-1.638,-2.567,-2.056,-1.593,-1.12,-1.188,-0.597,-1.634,-1.28,-1.788,-1.673,-1.7048
"42",2012,"PI","s747",10,8,7,5,5,11.5735588,9.53592777,7.22913694,8.12829494,7.93875504,7.65250015,7.37498569,6.90509605,9.24993229,10.7849998,11.835,12.2349997,7.84333801,11.61833317,9.446207837,7.90651671,-1.36,-1.2,-1.23,-1.07,-0.68,-0.59,-0.42,-0.34,-0.28,0.31,-0.04,-0.31,-0.600833333,125,174,-5,-9,-48,-4,-77,-50,-57,-15,11,2,39,11,-4,52,-9,30,39,96,13,-3,-36,-15,-6,-23,6,-11,-21,-28,-1.845,-1.638,-2.567,-2.056,-1.593,-1.12,-1.188,-0.597,-1.634,-1.28,-1.788,-1.673,-1.7048
"43",2012,"PI","s748",12,7,7,4,3,11.5735588,9.53592777,7.22913694,8.12829494,7.93875504,7.65250015,7.37498569,6.90509605,9.24993229,10.7849998,11.835,12.2349997,7.84333801,11.61833317,9.446207837,7.90651671,-1.36,-1.2,-1.23,-1.07,-0.68,-0.59,-0.42,-0.34,-0.28,0.31,-0.04,-0.31,-0.600833333,125,174,-5,-9,-48,-4,-77,-50,-57,-15,11,2,39,11,-4,52,-9,30,39,96,13,-3,-36,-15,-6,-23,6,-11,-21,-28,-1.845,-1.638,-2.567,-2.056,-1.593,-1.12,-1.188,-0.597,-1.634,-1.28,-1.788,-1.673,-1.7048
"44",2012,"PI","s749",11,8,7,6,5,11.5735588,9.53592777,7.22913694,8.12829494,7.93875504,7.65250015,7.37498569,6.90509605,9.24993229,10.7849998,11.835,12.2349997,7.84333801,11.61833317,9.446207837,7.90651671,-1.36,-1.2,-1.23,-1.07,-0.68,-0.59,-0.42,-0.34,-0.28,0.31,-0.04,-0.31,-0.600833333,125,174,-5,-9,-48,-4,-77,-50,-57,-15,11,2,39,11,-4,52,-9,30,39,96,13,-3,-36,-15,-6,-23,6,-11,-21,-28,-1.845,-1.638,-2.567,-2.056,-1.593,-1.12,-1.188,-0.597,-1.634,-1.28,-1.788,-1.673,-1.7048
"45",2012,"PI","s750",12,9,9,9,9,11.5735588,9.53592777,7.22913694,8.12829494,7.93875504,7.65250015,7.37498569,6.90509605,9.24993229,10.7849998,11.835,12.2349997,7.84333801,11.61833317,9.446207837,7.90651671,-1.36,-1.2,-1.23,-1.07,-0.68,-0.59,-0.42,-0.34,-0.28,0.31,-0.04,-0.31,-0.600833333,125,174,-5,-9,-48,-4,-77,-50,-57,-15,11,2,39,11,-4,52,-9,30,39,96,13,-3,-36,-15,-6,-23,6,-11,-21,-28,-1.845,-1.638,-2.567,-2.056,-1.593,-1.12,-1.188,-0.597,-1.634,-1.28,-1.788,-1.673,-1.7048
"46",2013,"DI","Boathouse",11,11,8,7,7,13.8105917,11.1560469,11.068944,9.47881413,7.04674244,7.040627,7.94719839,10.0561705,13.9900322,13.2289515,15.5654469,14.8444862,10.66446703,14.54629487,12.01186087,7.855394523,-0.21,-0.07,-0.06,-0.05,-0.07,-0.14,-0.36,-0.7,-1.17,-0.85,-0.51,-0.38,-0.380833333,91,178,18,-14,-88,-53,-6,-14,-6,17,2,5,84,2,19,91,14,25,-1,47,84,33,15,17,-16,-21,50,-20,1,9,-2.127,-0.841,-0.491,-1.337,-1.179,-1.365,-1.321,-0.618,-0.463,-1.303,-1.193,-1.083,-1.1386
"47",2013,"DI","Catwalk.Salmon",10,8,7,7,7,13.8105917,11.1560469,11.068944,9.47881413,7.04674244,7.040627,7.94719839,10.0561705,13.9900322,13.2289515,15.5654469,14.8444862,10.66446703,14.54629487,12.01186087,7.855394523,-0.21,-0.07,-0.06,-0.05,-0.07,-0.14,-0.36,-0.7,-1.17,-0.85,-0.51,-0.38,-0.380833333,91,178,18,-14,-88,-53,-6,-14,-6,17,2,5,84,2,19,91,14,25,-1,47,84,33,15,17,-16,-21,50,-20,1,9,-2.127,-0.841,-0.491,-1.337,-1.179,-1.365,-1.321,-0.618,-0.463,-1.303,-1.193,-1.083,-1.1386
"48",2013,"DI","Catwalk.Willow",10,5,5,5,5,13.8105917,11.1560469,11.068944,9.47881413,7.04674244,7.040627,7.94719839,10.0561705,13.9900322,13.2289515,15.5654469,14.8444862,10.66446703,14.54629487,12.01186087,7.855394523,-0.21,-0.07,-0.06,-0.05,-0.07,-0.14,-0.36,-0.7,-1.17,-0.85,-0.51,-0.38,-0.380833333,91,178,18,-14,-88,-53,-6,-14,-6,17,2,5,84,2,19,91,14,25,-1,47,84,33,15,17,-16,-21,50,-20,1,9,-2.127,-0.841,-0.491,-1.337,-1.179,-1.365,-1.321,-0.618,-0.463,-1.303,-1.193,-1.083,-1.1386
"49",2013,"DI","Salmon.Sequel",7,5,5,5,5,13.8105917,11.1560469,11.068944,9.47881413,7.04674244,7.040627,7.94719839,10.0561705,13.9900322,13.2289515,15.5654469,14.8444862,10.66446703,14.54629487,12.01186087,7.855394523,-0.21,-0.07,-0.06,-0.05,-0.07,-0.14,-0.36,-0.7,-1.17,-0.85,-0.51,-0.38,-0.380833333,91,178,18,-14,-88,-53,-6,-14,-6,17,2,5,84,2,19,91,14,25,-1,47,84,33,15,17,-16,-21,50,-20,1,9,-2.127,-0.841,-0.491,-1.337,-1.179,-1.365,-1.321,-0.618,-0.463,-1.303,-1.193,-1.083,-1.1386
"50",2013,"DI","SW.Point",15,11,10,10,10,13.8105917,11.1560469,11.068944,9.47881413,7.04674244,7.040627,7.94719839,10.0561705,13.9900322,13.2289515,15.5654469,14.8444862,10.66446703,14.54629487,12.01186087,7.855394523,-0.21,-0.07,-0.06,-0.05,-0.07,-0.14,-0.36,-0.7,-1.17,-0.85,-0.51,-0.38,-0.380833333,91,178,18,-14,-88,-53,-6,-14,-6,17,2,5,84,2,19,91,14,25,-1,47,84,33,15,17,-16,-21,50,-20,1,9,-2.127,-0.841,-0.491,-1.337,-1.179,-1.365,-1.321,-0.618,-0.463,-1.303,-1.193,-1.083,-1.1386
"51",2013,"DI","Willow.Gully",13,7,7,7,7,13.8105917,11.1560469,11.068944,9.47881413,7.04674244,7.040627,7.94719839,10.0561705,13.9900322,13.2289515,15.5654469,14.8444862,10.66446703,14.54629487,12.01186087,7.855394523,-0.21,-0.07,-0.06,-0.05,-0.07,-0.14,-0.36,-0.7,-1.17,-0.85,-0.51,-0.38,-0.380833333,91,178,18,-14,-88,-53,-6,-14,-6,17,2,5,84,2,19,91,14,25,-1,47,84,33,15,17,-16,-21,50,-20,1,9,-2.127,-0.841,-0.491,-1.337,-1.179,-1.365,-1.321,-0.618,-0.463,-1.303,-1.193,-1.083,-1.1386
"52",2013,"PI","s741",9,4,4,3,3,11.9651709,10.0866661,9.40500641,8.41987133,8.20499992,7.02499962,7.8949852,8.70499992,9.21500015,11.1999998,12.4867525,12.0050001,8.60499509,11.8972508,10.48561447,7.88329029,-0.21,-0.07,-0.06,-0.05,-0.07,-0.14,-0.36,-0.7,-1.17,-0.85,-0.51,-0.38,-0.380833333,91,178,18,-14,-88,-53,-6,-14,-6,17,2,5,84,2,19,91,14,25,-1,47,84,33,15,17,-16,-21,50,-20,1,9,-2.127,-0.841,-0.491,-1.337,-1.179,-1.365,-1.321,-0.618,-0.463,-1.303,-1.193,-1.083,-1.1386
"53",2013,"PI","s742",10,6,6,6,6,11.9651709,10.0866661,9.40500641,8.41987133,8.20499992,7.02499962,7.8949852,8.70499992,9.21500015,11.1999998,12.4867525,12.0050001,8.60499509,11.8972508,10.48561447,7.88329029,-0.21,-0.07,-0.06,-0.05,-0.07,-0.14,-0.36,-0.7,-1.17,-0.85,-0.51,-0.38,-0.380833333,91,178,18,-14,-88,-53,-6,-14,-6,17,2,5,84,2,19,91,14,25,-1,47,84,33,15,17,-16,-21,50,-20,1,9,-2.127,-0.841,-0.491,-1.337,-1.179,-1.365,-1.321,-0.618,-0.463,-1.303,-1.193,-1.083,-1.1386
"54",2013,"PI","s743",9,5,5,5,4,11.9651709,10.0866661,9.40500641,8.41987133,8.20499992,7.02499962,7.8949852,8.70499992,9.21500015,11.1999998,12.4867525,12.0050001,8.60499509,11.8972508,10.48561447,7.88329029,-0.21,-0.07,-0.06,-0.05,-0.07,-0.14,-0.36,-0.7,-1.17,-0.85,-0.51,-0.38,-0.380833333,91,178,18,-14,-88,-53,-6,-14,-6,17,2,5,84,2,19,91,14,25,-1,47,84,33,15,17,-16,-21,50,-20,1,9,-2.127,-0.841,-0.491,-1.337,-1.179,-1.365,-1.321,-0.618,-0.463,-1.303,-1.193,-1.083,-1.1386
"55",2013,"PI","s744",11,9,7,6,5,11.9651709,10.0866661,9.40500641,8.41987133,8.20499992,7.02499962,7.8949852,8.70499992,9.21500015,11.1999998,12.4867525,12.0050001,8.60499509,11.8972508,10.48561447,7.88329029,-0.21,-0.07,-0.06,-0.05,-0.07,-0.14,-0.36,-0.7,-1.17,-0.85,-0.51,-0.38,-0.380833333,91,178,18,-14,-88,-53,-6,-14,-6,17,2,5,84,2,19,91,14,25,-1,47,84,33,15,17,-16,-21,50,-20,1,9,-2.127,-0.841,-0.491,-1.337,-1.179,-1.365,-1.321,-0.618,-0.463,-1.303,-1.193,-1.083,-1.1386
"56",2013,"PI","s746",10,6,6,6,6,11.9651709,10.0866661,9.40500641,8.41987133,8.20499992,7.02499962,7.8949852,8.70499992,9.21500015,11.1999998,12.4867525,12.0050001,8.60499509,11.8972508,10.48561447,7.88329029,-0.21,-0.07,-0.06,-0.05,-0.07,-0.14,-0.36,-0.7,-1.17,-0.85,-0.51,-0.38,-0.380833333,91,178,18,-14,-88,-53,-6,-14,-6,17,2,5,84,2,19,91,14,25,-1,47,84,33,15,17,-16,-21,50,-20,1,9,-2.127,-0.841,-0.491,-1.337,-1.179,-1.365,-1.321,-0.618,-0.463,-1.303,-1.193,-1.083,-1.1386
"57",2013,"PI","s747",11,7,7,7,6,11.9651709,10.0866661,9.40500641,8.41987133,8.20499992,7.02499962,7.8949852,8.70499992,9.21500015,11.1999998,12.4867525,12.0050001,8.60499509,11.8972508,10.48561447,7.88329029,-0.21,-0.07,-0.06,-0.05,-0.07,-0.14,-0.36,-0.7,-1.17,-0.85,-0.51,-0.38,-0.380833333,91,178,18,-14,-88,-53,-6,-14,-6,17,2,5,84,2,19,91,14,25,-1,47,84,33,15,17,-16,-21,50,-20,1,9,-2.127,-0.841,-0.491,-1.337,-1.179,-1.365,-1.321,-0.618,-0.463,-1.303,-1.193,-1.083,-1.1386
"58",2013,"PI","s748",10,5,4,4,4,11.9651709,10.0866661,9.40500641,8.41987133,8.20499992,7.02499962,7.8949852,8.70499992,9.21500015,11.1999998,12.4867525,12.0050001,8.60499509,11.8972508,10.48561447,7.88329029,-0.21,-0.07,-0.06,-0.05,-0.07,-0.14,-0.36,-0.7,-1.17,-0.85,-0.51,-0.38,-0.380833333,91,178,18,-14,-88,-53,-6,-14,-6,17,2,5,84,2,19,91,14,25,-1,47,84,33,15,17,-16,-21,50,-20,1,9,-2.127,-0.841,-0.491,-1.337,-1.179,-1.365,-1.321,-0.618,-0.463,-1.303,-1.193,-1.083,-1.1386
"59",2013,"PI","s749",13,12,9,8,8,11.9651709,10.0866661,9.40500641,8.41987133,8.20499992,7.02499962,7.8949852,8.70499992,9.21500015,11.1999998,12.4867525,12.0050001,8.60499509,11.8972508,10.48561447,7.88329029,-0.21,-0.07,-0.06,-0.05,-0.07,-0.14,-0.36,-0.7,-1.17,-0.85,-0.51,-0.38,-0.380833333,91,178,18,-14,-88,-53,-6,-14,-6,17,2,5,84,2,19,91,14,25,-1,47,84,33,15,17,-16,-21,50,-20,1,9,-2.127,-0.841,-0.491,-1.337,-1.179,-1.365,-1.321,-0.618,-0.463,-1.303,-1.193,-1.083,-1.1386
"60",2013,"PI","s750",12,8,8,8,4,11.9651709,10.0866661,9.40500641,8.41987133,8.20499992,7.02499962,7.8949852,8.70499992,9.21500015,11.1999998,12.4867525,12.0050001,8.60499509,11.8972508,10.48561447,7.88329029,-0.21,-0.07,-0.06,-0.05,-0.07,-0.14,-0.36,-0.7,-1.17,-0.85,-0.51,-0.38,-0.380833333,91,178,18,-14,-88,-53,-6,-14,-6,17,2,5,84,2,19,91,14,25,-1,47,84,33,15,17,-16,-21,50,-20,1,9,-2.127,-0.841,-0.491,-1.337,-1.179,-1.365,-1.321,-0.618,-0.463,-1.303,-1.193,-1.083,-1.1386
"61",2014,"DI","Boathouse",20,13,12,12,12,16.0150032,14.2444592,9.90659809,8.36629391,6.64356613,7.53441811,10.2060785,11.3270512,14.039279,13.6710472,15.4272356,14.0710945,11.85746957,14.38979243,13.38868683,7.514759383,-0.17,-0.18,-0.35,-0.5,-0.43,-0.08,-0.16,-0.18,0,0.33,0.16,-0.14,-0.141666667,126,142,-3,2,-10,-2,-17,-72,-34,-14,2,24,34,35,-12,93,-7,40,78,98,73,-24,-13,-14,-15,-2,1,13,-29,12,-0.591,-1.148,-0.856,-0.934,-0.53,-0.323,0.459,0.67,1.054,-0.243,0.311,0.217,-0.4368
"62",2014,"DI","Catwalk.Salmon",10,5,5,5,5,16.0150032,14.2444592,9.90659809,8.36629391,6.64356613,7.53441811,10.2060785,11.3270512,14.039279,13.6710472,15.4272356,14.0710945,11.85746957,14.38979243,13.38868683,7.514759383,-0.17,-0.18,-0.35,-0.5,-0.43,-0.08,-0.16,-0.18,0,0.33,0.16,-0.14,-0.141666667,126,142,-3,2,-10,-2,-17,-72,-34,-14,2,24,34,35,-12,93,-7,40,78,98,73,-24,-13,-14,-15,-2,1,13,-29,12,-0.591,-1.148,-0.856,-0.934,-0.53,-0.323,0.459,0.67,1.054,-0.243,0.311,0.217,-0.4368
"63",2014,"DI","Catwalk.Willow",12,6,5,5,5,16.0150032,14.2444592,9.90659809,8.36629391,6.64356613,7.53441811,10.2060785,11.3270512,14.039279,13.6710472,15.4272356,14.0710945,11.85746957,14.38979243,13.38868683,7.514759383,-0.17,-0.18,-0.35,-0.5,-0.43,-0.08,-0.16,-0.18,0,0.33,0.16,-0.14,-0.141666667,126,142,-3,2,-10,-2,-17,-72,-34,-14,2,24,34,35,-12,93,-7,40,78,98,73,-24,-13,-14,-15,-2,1,13,-29,12,-0.591,-1.148,-0.856,-0.934,-0.53,-0.323,0.459,0.67,1.054,-0.243,0.311,0.217,-0.4368
"64",2014,"DI","Salmon.Sequel",10,6,4,4,4,16.0150032,14.2444592,9.90659809,8.36629391,6.64356613,7.53441811,10.2060785,11.3270512,14.039279,13.6710472,15.4272356,14.0710945,11.85746957,14.38979243,13.38868683,7.514759383,-0.17,-0.18,-0.35,-0.5,-0.43,-0.08,-0.16,-0.18,0,0.33,0.16,-0.14,-0.141666667,126,142,-3,2,-10,-2,-17,-72,-34,-14,2,24,34,35,-12,93,-7,40,78,98,73,-24,-13,-14,-15,-2,1,13,-29,12,-0.591,-1.148,-0.856,-0.934,-0.53,-0.323,0.459,0.67,1.054,-0.243,0.311,0.217,-0.4368
"65",2014,"DI","SW.Point",18,10,5,4,4,16.0150032,14.2444592,9.90659809,8.36629391,6.64356613,7.53441811,10.2060785,11.3270512,14.039279,13.6710472,15.4272356,14.0710945,11.85746957,14.38979243,13.38868683,7.514759383,-0.17,-0.18,-0.35,-0.5,-0.43,-0.08,-0.16,-0.18,0,0.33,0.16,-0.14,-0.141666667,126,142,-3,2,-10,-2,-17,-72,-34,-14,2,24,34,35,-12,93,-7,40,78,98,73,-24,-13,-14,-15,-2,1,13,-29,12,-0.591,-1.148,-0.856,-0.934,-0.53,-0.323,0.459,0.67,1.054,-0.243,0.311,0.217,-0.4368
"66",2014,"DI","Willow.Gully",12,9,7,7,7,16.0150032,14.2444592,9.90659809,8.36629391,6.64356613,7.53441811,10.2060785,11.3270512,14.039279,13.6710472,15.4272356,14.0710945,11.85746957,14.38979243,13.38868683,7.514759383,-0.17,-0.18,-0.35,-0.5,-0.43,-0.08,-0.16,-0.18,0,0.33,0.16,-0.14,-0.141666667,126,142,-3,2,-10,-2,-17,-72,-34,-14,2,24,34,35,-12,93,-7,40,78,98,73,-24,-13,-14,-15,-2,1,13,-29,12,-0.591,-1.148,-0.856,-0.934,-0.53,-0.323,0.459,0.67,1.054,-0.243,0.311,0.217,-0.4368
"67",2014,"PI","s741",13,5,5,4,4,11.2199993,11.0320721,9.0699482,8.19997406,7.62676859,7.63156414,8.38126373,10.2174997,11.185194,11.1549997,12.2237711,13.655283,9.92798581,12.3446846,10.4406732,7.819435597,-0.17,-0.18,-0.35,-0.5,-0.43,-0.08,-0.16,-0.18,0,0.33,0.16,-0.14,-0.141666667,126,142,-3,2,-10,-2,-17,-72,-34,-14,2,24,34,35,-12,93,-7,40,78,98,73,-24,-13,-14,-15,-2,1,13,-29,12,-0.591,-1.148,-0.856,-0.934,-0.53,-0.323,0.459,0.67,1.054,-0.243,0.311,0.217,-0.4368
"68",2014,"PI","s742",10,7,6,5,4,11.2199993,11.0320721,9.0699482,8.19997406,7.62676859,7.63156414,8.38126373,10.2174997,11.185194,11.1549997,12.2237711,13.655283,9.92798581,12.3446846,10.4406732,7.819435597,-0.17,-0.18,-0.35,-0.5,-0.43,-0.08,-0.16,-0.18,0,0.33,0.16,-0.14,-0.141666667,126,142,-3,2,-10,-2,-17,-72,-34,-14,2,24,34,35,-12,93,-7,40,78,98,73,-24,-13,-14,-15,-2,1,13,-29,12,-0.591,-1.148,-0.856,-0.934,-0.53,-0.323,0.459,0.67,1.054,-0.243,0.311,0.217,-0.4368
"69",2014,"PI","s743",10,8,8,7,6,11.2199993,11.0320721,9.0699482,8.19997406,7.62676859,7.63156414,8.38126373,10.2174997,11.185194,11.1549997,12.2237711,13.655283,9.92798581,12.3446846,10.4406732,7.819435597,-0.17,-0.18,-0.35,-0.5,-0.43,-0.08,-0.16,-0.18,0,0.33,0.16,-0.14,-0.141666667,126,142,-3,2,-10,-2,-17,-72,-34,-14,2,24,34,35,-12,93,-7,40,78,98,73,-24,-13,-14,-15,-2,1,13,-29,12,-0.591,-1.148,-0.856,-0.934,-0.53,-0.323,0.459,0.67,1.054,-0.243,0.311,0.217,-0.4368
"70",2014,"PI","s744",10,6,6,6,6,11.2199993,11.0320721,9.0699482,8.19997406,7.62676859,7.63156414,8.38126373,10.2174997,11.185194,11.1549997,12.2237711,13.655283,9.92798581,12.3446846,10.4406732,7.819435597,-0.17,-0.18,-0.35,-0.5,-0.43,-0.08,-0.16,-0.18,0,0.33,0.16,-0.14,-0.141666667,126,142,-3,2,-10,-2,-17,-72,-34,-14,2,24,34,35,-12,93,-7,40,78,98,73,-24,-13,-14,-15,-2,1,13,-29,12,-0.591,-1.148,-0.856,-0.934,-0.53,-0.323,0.459,0.67,1.054,-0.243,0.311,0.217,-0.4368
"71",2014,"PI","s746",11,5,5,5,5,11.2199993,11.0320721,9.0699482,8.19997406,7.62676859,7.63156414,8.38126373,10.2174997,11.185194,11.1549997,12.2237711,13.655283,9.92798581,12.3446846,10.4406732,7.819435597,-0.17,-0.18,-0.35,-0.5,-0.43,-0.08,-0.16,-0.18,0,0.33,0.16,-0.14,-0.141666667,126,142,-3,2,-10,-2,-17,-72,-34,-14,2,24,34,35,-12,93,-7,40,78,98,73,-24,-13,-14,-15,-2,1,13,-29,12,-0.591,-1.148,-0.856,-0.934,-0.53,-0.323,0.459,0.67,1.054,-0.243,0.311,0.217,-0.4368
"72",2014,"PI","s747",12,11,11,10,10,11.2199993,11.0320721,9.0699482,8.19997406,7.62676859,7.63156414,8.38126373,10.2174997,11.185194,11.1549997,12.2237711,13.655283,9.92798581,12.3446846,10.4406732,7.819435597,-0.17,-0.18,-0.35,-0.5,-0.43,-0.08,-0.16,-0.18,0,0.33,0.16,-0.14,-0.141666667,126,142,-3,2,-10,-2,-17,-72,-34,-14,2,24,34,35,-12,93,-7,40,78,98,73,-24,-13,-14,-15,-2,1,13,-29,12,-0.591,-1.148,-0.856,-0.934,-0.53,-0.323,0.459,0.67,1.054,-0.243,0.311,0.217,-0.4368
"73",2014,"PI","s749",13,9,9,9,9,11.2199993,11.0320721,9.0699482,8.19997406,7.62676859,7.63156414,8.38126373,10.2174997,11.185194,11.1549997,12.2237711,13.655283,9.92798581,12.3446846,10.4406732,7.819435597,-0.17,-0.18,-0.35,-0.5,-0.43,-0.08,-0.16,-0.18,0,0.33,0.16,-0.14,-0.141666667,126,142,-3,2,-10,-2,-17,-72,-34,-14,2,24,34,35,-12,93,-7,40,78,98,73,-24,-13,-14,-15,-2,1,13,-29,12,-0.591,-1.148,-0.856,-0.934,-0.53,-0.323,0.459,0.67,1.054,-0.243,0.311,0.217,-0.4368
"74",2014,"PI","s750",10,8,8,8,8,11.2199993,11.0320721,9.0699482,8.19997406,7.62676859,7.63156414,8.38126373,10.2174997,11.185194,11.1549997,12.2237711,13.655283,9.92798581,12.3446846,10.4406732,7.819435597,-0.17,-0.18,-0.35,-0.5,-0.43,-0.08,-0.16,-0.18,0,0.33,0.16,-0.14,-0.141666667,126,142,-3,2,-10,-2,-17,-72,-34,-14,2,24,34,35,-12,93,-7,40,78,98,73,-24,-13,-14,-15,-2,1,13,-29,12,-0.591,-1.148,-0.856,-0.934,-0.53,-0.323,0.459,0.67,1.054,-0.243,0.311,0.217,-0.4368
"75",2014,"PI","s751",10,9,9,8,8,11.2199993,11.0320721,9.0699482,8.19997406,7.62676859,7.63156414,8.38126373,10.2174997,11.185194,11.1549997,12.2237711,13.655283,9.92798581,12.3446846,10.4406732,7.819435597,-0.17,-0.18,-0.35,-0.5,-0.43,-0.08,-0.16,-0.18,0,0.33,0.16,-0.14,-0.141666667,126,142,-3,2,-10,-2,-17,-72,-34,-14,2,24,34,35,-12,93,-7,40,78,98,73,-24,-13,-14,-15,-2,1,13,-29,12,-0.591,-1.148,-0.856,-0.934,-0.53,-0.323,0.459,0.67,1.054,-0.243,0.311,0.217,-0.4368
"76",2015,"DI","Boathouse",15,7,5,4,4,15.3782682,15.559927,13.4326925,11.1527834,9.87934399,11.1699734,11.2666636,11.7277641,12.137166,12.5940914,15.972312,14.1263847,11.71053123,14.23092937,14.7902959,10.7340336,0.07,0.34,0.33,0.22,0.05,0.13,0.34,0.94,1.86,1.75,1.93,2.22,0.848333333,365,0,-1,-62,-49,-88,-49,-27,-18,-1,45,56,35,17,44,108,-4,-23,38,12,41,21,3,-1,28,30,2,-6,27,26,0.535,1.224,1.106,1.667,1.57,1.498,1.352,0.941,0.435,0.527,1.083,0.848,1.4386
"77",2015,"DI","Catwalk.Salmon",10,6,5,5,5,15.3782682,15.559927,13.4326925,11.1527834,9.87934399,11.1699734,11.2666636,11.7277641,12.137166,12.5940914,15.972312,14.1263847,11.71053123,14.23092937,14.7902959,10.7340336,0.07,0.34,0.33,0.22,0.05,0.13,0.34,0.94,1.86,1.75,1.93,2.22,0.848333333,365,0,-1,-62,-49,-88,-49,-27,-18,-1,45,56,35,17,44,108,-4,-23,38,12,41,21,3,-1,28,30,2,-6,27,26,0.535,1.224,1.106,1.667,1.57,1.498,1.352,0.941,0.435,0.527,1.083,0.848,1.4386
"78",2015,"DI","Catwalk.Willow",11,7,5,5,5,15.3782682,15.559927,13.4326925,11.1527834,9.87934399,11.1699734,11.2666636,11.7277641,12.137166,12.5940914,15.972312,14.1263847,11.71053123,14.23092937,14.7902959,10.7340336,0.07,0.34,0.33,0.22,0.05,0.13,0.34,0.94,1.86,1.75,1.93,2.22,0.848333333,365,0,-1,-62,-49,-88,-49,-27,-18,-1,45,56,35,17,44,108,-4,-23,38,12,41,21,3,-1,28,30,2,-6,27,26,0.535,1.224,1.106,1.667,1.57,1.498,1.352,0.941,0.435,0.527,1.083,0.848,1.4386
"79",2015,"DI","Grassy.Knoll",15,11,9,8,8,15.3782682,15.559927,13.4326925,11.1527834,9.87934399,11.1699734,11.2666636,11.7277641,12.137166,12.5940914,15.972312,14.1263847,11.71053123,14.23092937,14.7902959,10.7340336,0.07,0.34,0.33,0.22,0.05,0.13,0.34,0.94,1.86,1.75,1.93,2.22,0.848333333,365,0,-1,-62,-49,-88,-49,-27,-18,-1,45,56,35,17,44,108,-4,-23,38,12,41,21,3,-1,28,30,2,-6,27,26,0.535,1.224,1.106,1.667,1.57,1.498,1.352,0.941,0.435,0.527,1.083,0.848,1.4386
"80",2015,"DI","Salmon.Sequel",9,4,4,3,1,15.3782682,15.559927,13.4326925,11.1527834,9.87934399,11.1699734,11.2666636,11.7277641,12.137166,12.5940914,15.972312,14.1263847,11.71053123,14.23092937,14.7902959,10.7340336,0.07,0.34,0.33,0.22,0.05,0.13,0.34,0.94,1.86,1.75,1.93,2.22,0.848333333,365,0,-1,-62,-49,-88,-49,-27,-18,-1,45,56,35,17,44,108,-4,-23,38,12,41,21,3,-1,28,30,2,-6,27,26,0.535,1.224,1.106,1.667,1.57,1.498,1.352,0.941,0.435,0.527,1.083,0.848,1.4386
"81",2015,"DI","SW.Point",18,12,10,10,9,15.3782682,15.559927,13.4326925,11.1527834,9.87934399,11.1699734,11.2666636,11.7277641,12.137166,12.5940914,15.972312,14.1263847,11.71053123,14.23092937,14.7902959,10.7340336,0.07,0.34,0.33,0.22,0.05,0.13,0.34,0.94,1.86,1.75,1.93,2.22,0.848333333,365,0,-1,-62,-49,-88,-49,-27,-18,-1,45,56,35,17,44,108,-4,-23,38,12,41,21,3,-1,28,30,2,-6,27,26,0.535,1.224,1.106,1.667,1.57,1.498,1.352,0.941,0.435,0.527,1.083,0.848,1.4386
"82",2015,"DI","Willow.Gully",14,9,8,8,8,15.3782682,15.559927,13.4326925,11.1527834,9.87934399,11.1699734,11.2666636,11.7277641,12.137166,12.5940914,15.972312,14.1263847,11.71053123,14.23092937,14.7902959,10.7340336,0.07,0.34,0.33,0.22,0.05,0.13,0.34,0.94,1.86,1.75,1.93,2.22,0.848333333,365,0,-1,-62,-49,-88,-49,-27,-18,-1,45,56,35,17,44,108,-4,-23,38,12,41,21,3,-1,28,30,2,-6,27,26,0.535,1.224,1.106,1.667,1.57,1.498,1.352,0.941,0.435,0.527,1.083,0.848,1.4386
"83",2015,"PI","s741",11,9,9,7,7,12.1092043,9.84166622,11.1448746,8.73174191,7.89637613,8.20444489,7.74119568,9.78743649,9.81262589,12.7474222,13.0299997,14.1765757,9.113752687,13.3179992,11.03191504,8.277520977,0.07,0.34,0.33,0.22,0.05,0.13,0.34,0.94,1.86,1.75,1.93,2.22,0.848333333,365,0,-1,-62,-49,-88,-49,-27,-18,-1,45,56,35,17,44,108,-4,-23,38,12,41,21,3,-1,28,30,2,-6,27,26,0.535,1.224,1.106,1.667,1.57,1.498,1.352,0.941,0.435,0.527,1.083,0.848,1.4386
"84",2015,"PI","s742",14,12,10,9,9,12.1092043,9.84166622,11.1448746,8.73174191,7.89637613,8.20444489,7.74119568,9.78743649,9.81262589,12.7474222,13.0299997,14.1765757,9.113752687,13.3179992,11.03191504,8.277520977,0.07,0.34,0.33,0.22,0.05,0.13,0.34,0.94,1.86,1.75,1.93,2.22,0.848333333,365,0,-1,-62,-49,-88,-49,-27,-18,-1,45,56,35,17,44,108,-4,-23,38,12,41,21,3,-1,28,30,2,-6,27,26,0.535,1.224,1.106,1.667,1.57,1.498,1.352,0.941,0.435,0.527,1.083,0.848,1.4386
"85",2015,"PI","s743",11,10,9,7,7,12.1092043,9.84166622,11.1448746,8.73174191,7.89637613,8.20444489,7.74119568,9.78743649,9.81262589,12.7474222,13.0299997,14.1765757,9.113752687,13.3179992,11.03191504,8.277520977,0.07,0.34,0.33,0.22,0.05,0.13,0.34,0.94,1.86,1.75,1.93,2.22,0.848333333,365,0,-1,-62,-49,-88,-49,-27,-18,-1,45,56,35,17,44,108,-4,-23,38,12,41,21,3,-1,28,30,2,-6,27,26,0.535,1.224,1.106,1.667,1.57,1.498,1.352,0.941,0.435,0.527,1.083,0.848,1.4386
"86",2015,"PI","s744",10,4,4,3,3,12.1092043,9.84166622,11.1448746,8.73174191,7.89637613,8.20444489,7.74119568,9.78743649,9.81262589,12.7474222,13.0299997,14.1765757,9.113752687,13.3179992,11.03191504,8.277520977,0.07,0.34,0.33,0.22,0.05,0.13,0.34,0.94,1.86,1.75,1.93,2.22,0.848333333,365,0,-1,-62,-49,-88,-49,-27,-18,-1,45,56,35,17,44,108,-4,-23,38,12,41,21,3,-1,28,30,2,-6,27,26,0.535,1.224,1.106,1.667,1.57,1.498,1.352,0.941,0.435,0.527,1.083,0.848,1.4386
"87",2015,"PI","s746",11,8,6,4,3,12.1092043,9.84166622,11.1448746,8.73174191,7.89637613,8.20444489,7.74119568,9.78743649,9.81262589,12.7474222,13.0299997,14.1765757,9.113752687,13.3179992,11.03191504,8.277520977,0.07,0.34,0.33,0.22,0.05,0.13,0.34,0.94,1.86,1.75,1.93,2.22,0.848333333,365,0,-1,-62,-49,-88,-49,-27,-18,-1,45,56,35,17,44,108,-4,-23,38,12,41,21,3,-1,28,30,2,-6,27,26,0.535,1.224,1.106,1.667,1.57,1.498,1.352,0.941,0.435,0.527,1.083,0.848,1.4386
"88",2015,"PI","s747",12,11,11,10,9,12.1092043,9.84166622,11.1448746,8.73174191,7.89637613,8.20444489,7.74119568,9.78743649,9.81262589,12.7474222,13.0299997,14.1765757,9.113752687,13.3179992,11.03191504,8.277520977,0.07,0.34,0.33,0.22,0.05,0.13,0.34,0.94,1.86,1.75,1.93,2.22,0.848333333,365,0,-1,-62,-49,-88,-49,-27,-18,-1,45,56,35,17,44,108,-4,-23,38,12,41,21,3,-1,28,30,2,-6,27,26,0.535,1.224,1.106,1.667,1.57,1.498,1.352,0.941,0.435,0.527,1.083,0.848,1.4386
"89",2015,"PI","s749",12,9,8,7,6,12.1092043,9.84166622,11.1448746,8.73174191,7.89637613,8.20444489,7.74119568,9.78743649,9.81262589,12.7474222,13.0299997,14.1765757,9.113752687,13.3179992,11.03191504,8.277520977,0.07,0.34,0.33,0.22,0.05,0.13,0.34,0.94,1.86,1.75,1.93,2.22,0.848333333,365,0,-1,-62,-49,-88,-49,-27,-18,-1,45,56,35,17,44,108,-4,-23,38,12,41,21,3,-1,28,30,2,-6,27,26,0.535,1.224,1.106,1.667,1.57,1.498,1.352,0.941,0.435,0.527,1.083,0.848,1.4386
"90",2015,"PI","s750",10,9,9,6,4,12.1092043,9.84166622,11.1448746,8.73174191,7.89637613,8.20444489,7.74119568,9.78743649,9.81262589,12.7474222,13.0299997,14.1765757,9.113752687,13.3179992,11.03191504,8.277520977,0.07,0.34,0.33,0.22,0.05,0.13,0.34,0.94,1.86,1.75,1.93,2.22,0.848333333,365,0,-1,-62,-49,-88,-49,-27,-18,-1,45,56,35,17,44,108,-4,-23,38,12,41,21,3,-1,28,30,2,-6,27,26,0.535,1.224,1.106,1.667,1.57,1.498,1.352,0.941,0.435,0.527,1.083,0.848,1.4386
"91",2015,"PI","s751",10,8,6,3,3,12.1092043,9.84166622,11.1448746,8.73174191,7.89637613,8.20444489,7.74119568,9.78743649,9.81262589,12.7474222,13.0299997,14.1765757,9.113752687,13.3179992,11.03191504,8.277520977,0.07,0.34,0.33,0.22,0.05,0.13,0.34,0.94,1.86,1.75,1.93,2.22,0.848333333,365,0,-1,-62,-49,-88,-49,-27,-18,-1,45,56,35,17,44,108,-4,-23,38,12,41,21,3,-1,28,30,2,-6,27,26,0.535,1.224,1.106,1.667,1.57,1.498,1.352,0.941,0.435,0.527,1.083,0.848,1.4386
"92",2016,"DI","Boathouse",19,12,10,9,8,15.2256508,14.3710737,12.0881367,9.46404934,8.33615303,10.3725004,10.5744658,12.2899895,11.8191385,13.8778257,16.0144463,14.0342169,11.56119793,14.64216297,13.89495373,9.390900923,2.12,1.9,1.91,1.95,1.82,1.33,1.33,1.24,0.35,-0.51,-0.29,-0.35,1.066666667,365,0,1,-18,-9,-143,-201,-125,-91,-2,38,24,26,35,36,85,-2,20,78,-43,-111,-78,-70,-2,21,-2,-8,12,19,2,0.918,0.797,0.159,0.195,0.655,1.202,1.603,1.739,1.435,0.698,0.167,-0.31,0.7628
"93",2016,"DI","Catwalk.Salmon",10,9,9,9,8,15.2256508,14.3710737,12.0881367,9.46404934,8.33615303,10.3725004,10.5744658,12.2899895,11.8191385,13.8778257,16.0144463,14.0342169,11.56119793,14.64216297,13.89495373,9.390900923,2.12,1.9,1.91,1.95,1.82,1.33,1.33,1.24,0.35,-0.51,-0.29,-0.35,1.066666667,365,0,1,-18,-9,-143,-201,-125,-91,-2,38,24,26,35,36,85,-2,20,78,-43,-111,-78,-70,-2,21,-2,-8,12,19,2,0.918,0.797,0.159,0.195,0.655,1.202,1.603,1.739,1.435,0.698,0.167,-0.31,0.7628
"94",2016,"DI","Catwalk.Willow",14,10,9,9,9,15.2256508,14.3710737,12.0881367,9.46404934,8.33615303,10.3725004,10.5744658,12.2899895,11.8191385,13.8778257,16.0144463,14.0342169,11.56119793,14.64216297,13.89495373,9.390900923,2.12,1.9,1.91,1.95,1.82,1.33,1.33,1.24,0.35,-0.51,-0.29,-0.35,1.066666667,365,0,1,-18,-9,-143,-201,-125,-91,-2,38,24,26,35,36,85,-2,20,78,-43,-111,-78,-70,-2,21,-2,-8,12,19,2,0.918,0.797,0.159,0.195,0.655,1.202,1.603,1.739,1.435,0.698,0.167,-0.31,0.7628
"95",2016,"DI","Grassy.Knoll",15,8,8,6,5,15.2256508,14.3710737,12.0881367,9.46404934,8.33615303,10.3725004,10.5744658,12.2899895,11.8191385,13.8778257,16.0144463,14.0342169,11.56119793,14.64216297,13.89495373,9.390900923,2.12,1.9,1.91,1.95,1.82,1.33,1.33,1.24,0.35,-0.51,-0.29,-0.35,1.066666667,365,0,1,-18,-9,-143,-201,-125,-91,-2,38,24,26,35,36,85,-2,20,78,-43,-111,-78,-70,-2,21,-2,-8,12,19,2,0.918,0.797,0.159,0.195,0.655,1.202,1.603,1.739,1.435,0.698,0.167,-0.31,0.7628
"96",2016,"DI","Salmon.Sequel",9,7,6,6,6,15.2256508,14.3710737,12.0881367,9.46404934,8.33615303,10.3725004,10.5744658,12.2899895,11.8191385,13.8778257,16.0144463,14.0342169,11.56119793,14.64216297,13.89495373,9.390900923,2.12,1.9,1.91,1.95,1.82,1.33,1.33,1.24,0.35,-0.51,-0.29,-0.35,1.066666667,365,0,1,-18,-9,-143,-201,-125,-91,-2,38,24,26,35,36,85,-2,20,78,-43,-111,-78,-70,-2,21,-2,-8,12,19,2,0.918,0.797,0.159,0.195,0.655,1.202,1.603,1.739,1.435,0.698,0.167,-0.31,0.7628
"97",2016,"DI","SW.Point",18,13,11,9,8,15.2256508,14.3710737,12.0881367,9.46404934,8.33615303,10.3725004,10.5744658,12.2899895,11.8191385,13.8778257,16.0144463,14.0342169,11.56119793,14.64216297,13.89495373,9.390900923,2.12,1.9,1.91,1.95,1.82,1.33,1.33,1.24,0.35,-0.51,-0.29,-0.35,1.066666667,365,0,1,-18,-9,-143,-201,-125,-91,-2,38,24,26,35,36,85,-2,20,78,-43,-111,-78,-70,-2,21,-2,-8,12,19,2,0.918,0.797,0.159,0.195,0.655,1.202,1.603,1.739,1.435,0.698,0.167,-0.31,0.7628
"98",2016,"DI","Willow.Gully",14,13,11,10,10,15.2256508,14.3710737,12.0881367,9.46404934,8.33615303,10.3725004,10.5744658,12.2899895,11.8191385,13.8778257,16.0144463,14.0342169,11.56119793,14.64216297,13.89495373,9.390900923,2.12,1.9,1.91,1.95,1.82,1.33,1.33,1.24,0.35,-0.51,-0.29,-0.35,1.066666667,365,0,1,-18,-9,-143,-201,-125,-91,-2,38,24,26,35,36,85,-2,20,78,-43,-111,-78,-70,-2,21,-2,-8,12,19,2,0.918,0.797,0.159,0.195,0.655,1.202,1.603,1.739,1.435,0.698,0.167,-0.31,0.7628
"99",2016,"PI","s741",11,10,9,8,3,11.6883335,8.43587208,9.62328243,9.03333282,8.98752308,8.72999954,9.69507313,9.35999966,9.52666664,11.5133333,11.8016663,11.9187851,9.527246477,11.7445949,9.915829337,8.916951813,2.12,1.9,1.91,1.95,1.82,1.33,1.33,1.24,0.35,-0.51,-0.29,-0.35,1.066666667,365,0,1,-18,-9,-143,-201,-125,-91,-2,38,24,26,35,36,85,-2,20,78,-43,-111,-78,-70,-2,21,-2,-8,12,19,2,0.918,0.797,0.159,0.195,0.655,1.202,1.603,1.739,1.435,0.698,0.167,-0.31,0.7628
"100",2016,"PI","s742",12,11,11,9,3,11.6883335,8.43587208,9.62328243,9.03333282,8.98752308,8.72999954,9.69507313,9.35999966,9.52666664,11.5133333,11.8016663,11.9187851,9.527246477,11.7445949,9.915829337,8.916951813,2.12,1.9,1.91,1.95,1.82,1.33,1.33,1.24,0.35,-0.51,-0.29,-0.35,1.066666667,365,0,1,-18,-9,-143,-201,-125,-91,-2,38,24,26,35,36,85,-2,20,78,-43,-111,-78,-70,-2,21,-2,-8,12,19,2,0.918,0.797,0.159,0.195,0.655,1.202,1.603,1.739,1.435,0.698,0.167,-0.31,0.7628
"101",2016,"PI","s743",12,9,8,7,5,11.6883335,8.43587208,9.62328243,9.03333282,8.98752308,8.72999954,9.69507313,9.35999966,9.52666664,11.5133333,11.8016663,11.9187851,9.527246477,11.7445949,9.915829337,8.916951813,2.12,1.9,1.91,1.95,1.82,1.33,1.33,1.24,0.35,-0.51,-0.29,-0.35,1.066666667,365,0,1,-18,-9,-143,-201,-125,-91,-2,38,24,26,35,36,85,-2,20,78,-43,-111,-78,-70,-2,21,-2,-8,12,19,2,0.918,0.797,0.159,0.195,0.655,1.202,1.603,1.739,1.435,0.698,0.167,-0.31,0.7628
"102",2016,"PI","s744",10,8,7,6,6,11.6883335,8.43587208,9.62328243,9.03333282,8.98752308,8.72999954,9.69507313,9.35999966,9.52666664,11.5133333,11.8016663,11.9187851,9.527246477,11.7445949,9.915829337,8.916951813,2.12,1.9,1.91,1.95,1.82,1.33,1.33,1.24,0.35,-0.51,-0.29,-0.35,1.066666667,365,0,1,-18,-9,-143,-201,-125,-91,-2,38,24,26,35,36,85,-2,20,78,-43,-111,-78,-70,-2,21,-2,-8,12,19,2,0.918,0.797,0.159,0.195,0.655,1.202,1.603,1.739,1.435,0.698,0.167,-0.31,0.7628
"103",2016,"PI","s746",10,10,9,8,5,11.6883335,8.43587208,9.62328243,9.03333282,8.98752308,8.72999954,9.69507313,9.35999966,9.52666664,11.5133333,11.8016663,11.9187851,9.527246477,11.7445949,9.915829337,8.916951813,2.12,1.9,1.91,1.95,1.82,1.33,1.33,1.24,0.35,-0.51,-0.29,-0.35,1.066666667,365,0,1,-18,-9,-143,-201,-125,-91,-2,38,24,26,35,36,85,-2,20,78,-43,-111,-78,-70,-2,21,-2,-8,12,19,2,0.918,0.797,0.159,0.195,0.655,1.202,1.603,1.739,1.435,0.698,0.167,-0.31,0.7628
"104",2016,"PI","s747",10,6,4,4,2,11.6883335,8.43587208,9.62328243,9.03333282,8.98752308,8.72999954,9.69507313,9.35999966,9.52666664,11.5133333,11.8016663,11.9187851,9.527246477,11.7445949,9.915829337,8.916951813,2.12,1.9,1.91,1.95,1.82,1.33,1.33,1.24,0.35,-0.51,-0.29,-0.35,1.066666667,365,0,1,-18,-9,-143,-201,-125,-91,-2,38,24,26,35,36,85,-2,20,78,-43,-111,-78,-70,-2,21,-2,-8,12,19,2,0.918,0.797,0.159,0.195,0.655,1.202,1.603,1.739,1.435,0.698,0.167,-0.31,0.7628
"105",2016,"PI","s749",11,10,10,9,5,11.6883335,8.43587208,9.62328243,9.03333282,8.98752308,8.72999954,9.69507313,9.35999966,9.52666664,11.5133333,11.8016663,11.9187851,9.527246477,11.7445949,9.915829337,8.916951813,2.12,1.9,1.91,1.95,1.82,1.33,1.33,1.24,0.35,-0.51,-0.29,-0.35,1.066666667,365,0,1,-18,-9,-143,-201,-125,-91,-2,38,24,26,35,36,85,-2,20,78,-43,-111,-78,-70,-2,21,-2,-8,12,19,2,0.918,0.797,0.159,0.195,0.655,1.202,1.603,1.739,1.435,0.698,0.167,-0.31,0.7628
"106",2016,"PI","s750",12,9,9,8,5,11.6883335,8.43587208,9.62328243,9.03333282,8.98752308,8.72999954,9.69507313,9.35999966,9.52666664,11.5133333,11.8016663,11.9187851,9.527246477,11.7445949,9.915829337,8.916951813,2.12,1.9,1.91,1.95,1.82,1.33,1.33,1.24,0.35,-0.51,-0.29,-0.35,1.066666667,365,0,1,-18,-9,-143,-201,-125,-91,-2,38,24,26,35,36,85,-2,20,78,-43,-111,-78,-70,-2,21,-2,-8,12,19,2,0.918,0.797,0.159,0.195,0.655,1.202,1.603,1.739,1.435,0.698,0.167,-0.31,0.7628
"107",2016,"PI","s751",13,11,11,8,7,11.6883335,8.43587208,9.62328243,9.03333282,8.98752308,8.72999954,9.69507313,9.35999966,9.52666664,11.5133333,11.8016663,11.9187851,9.527246477,11.7445949,9.915829337,8.916951813,2.12,1.9,1.91,1.95,1.82,1.33,1.33,1.24,0.35,-0.51,-0.29,-0.35,1.066666667,365,0,1,-18,-9,-143,-201,-125,-91,-2,38,24,26,35,36,85,-2,20,78,-43,-111,-78,-70,-2,21,-2,-8,12,19,2,0.918,0.797,0.159,0.195,0.655,1.202,1.603,1.739,1.435,0.698,0.167,-0.31,0.7628
"108",2017,"DI","Boathouse",19,10,8,8,8,14.9705744,13.2505379,13.3672504,8.94782734,7.89106798,8.26288795,9.61115742,10.5190678,12.1105299,14.0106173,13.3537035,13.1113949,10.74691837,13.49190523,13.86278757,8.36726109,-0.61,-0.52,-0.35,-0.41,-0.41,-0.58,-0.2,0.18,-0.28,-0.68,-0.76,-0.8,-0.451666667,179,98,4,-112,-186,-23,-119,-39,-62,-37,10,11,39,32,-27,82,0,-73,-98,77,-29,8,-41,-37,-7,-15,6,10,-44,1,-0.583,-0.593,0.555,0.274,-0.025,-0.133,0.151,0.554,0.219,0.019,-0.411,-0.322,0.1644
"109",2017,"DI","Catwalk.Salmon",10,8,8,7,7,14.9705744,13.2505379,13.3672504,8.94782734,7.89106798,8.26288795,9.61115742,10.5190678,12.1105299,14.0106173,13.3537035,13.1113949,10.74691837,13.49190523,13.86278757,8.36726109,-0.61,-0.52,-0.35,-0.41,-0.41,-0.58,-0.2,0.18,-0.28,-0.68,-0.76,-0.8,-0.451666667,179,98,4,-112,-186,-23,-119,-39,-62,-37,10,11,39,32,-27,82,0,-73,-98,77,-29,8,-41,-37,-7,-15,6,10,-44,1,-0.583,-0.593,0.555,0.274,-0.025,-0.133,0.151,0.554,0.219,0.019,-0.411,-0.322,0.1644
"110",2017,"DI","Catwalk.Willow",11,10,8,7,7,14.9705744,13.2505379,13.3672504,8.94782734,7.89106798,8.26288795,9.61115742,10.5190678,12.1105299,14.0106173,13.3537035,13.1113949,10.74691837,13.49190523,13.86278757,8.36726109,-0.61,-0.52,-0.35,-0.41,-0.41,-0.58,-0.2,0.18,-0.28,-0.68,-0.76,-0.8,-0.451666667,179,98,4,-112,-186,-23,-119,-39,-62,-37,10,11,39,32,-27,82,0,-73,-98,77,-29,8,-41,-37,-7,-15,6,10,-44,1,-0.583,-0.593,0.555,0.274,-0.025,-0.133,0.151,0.554,0.219,0.019,-0.411,-0.322,0.1644
"111",2017,"DI","Grassy.Knoll",16,12,12,10,9,14.9705744,13.2505379,13.3672504,8.94782734,7.89106798,8.26288795,9.61115742,10.5190678,12.1105299,14.0106173,13.3537035,13.1113949,10.74691837,13.49190523,13.86278757,8.36726109,-0.61,-0.52,-0.35,-0.41,-0.41,-0.58,-0.2,0.18,-0.28,-0.68,-0.76,-0.8,-0.451666667,179,98,4,-112,-186,-23,-119,-39,-62,-37,10,11,39,32,-27,82,0,-73,-98,77,-29,8,-41,-37,-7,-15,6,10,-44,1,-0.583,-0.593,0.555,0.274,-0.025,-0.133,0.151,0.554,0.219,0.019,-0.411,-0.322,0.1644
"112",2017,"DI","Salmon.Sequel",9,5,5,4,4,14.9705744,13.2505379,13.3672504,8.94782734,7.89106798,8.26288795,9.61115742,10.5190678,12.1105299,14.0106173,13.3537035,13.1113949,10.74691837,13.49190523,13.86278757,8.36726109,-0.61,-0.52,-0.35,-0.41,-0.41,-0.58,-0.2,0.18,-0.28,-0.68,-0.76,-0.8,-0.451666667,179,98,4,-112,-186,-23,-119,-39,-62,-37,10,11,39,32,-27,82,0,-73,-98,77,-29,8,-41,-37,-7,-15,6,10,-44,1,-0.583,-0.593,0.555,0.274,-0.025,-0.133,0.151,0.554,0.219,0.019,-0.411,-0.322,0.1644
"113",2017,"DI","SW.Point",17,10,8,8,8,14.9705744,13.2505379,13.3672504,8.94782734,7.89106798,8.26288795,9.61115742,10.5190678,12.1105299,14.0106173,13.3537035,13.1113949,10.74691837,13.49190523,13.86278757,8.36726109,-0.61,-0.52,-0.35,-0.41,-0.41,-0.58,-0.2,0.18,-0.28,-0.68,-0.76,-0.8,-0.451666667,179,98,4,-112,-186,-23,-119,-39,-62,-37,10,11,39,32,-27,82,0,-73,-98,77,-29,8,-41,-37,-7,-15,6,10,-44,1,-0.583,-0.593,0.555,0.274,-0.025,-0.133,0.151,0.554,0.219,0.019,-0.411,-0.322,0.1644
"114",2017,"DI","Willow.Gully",15,11,9,9,9,14.9705744,13.2505379,13.3672504,8.94782734,7.89106798,8.26288795,9.61115742,10.5190678,12.1105299,14.0106173,13.3537035,13.1113949,10.74691837,13.49190523,13.86278757,8.36726109,-0.61,-0.52,-0.35,-0.41,-0.41,-0.58,-0.2,0.18,-0.28,-0.68,-0.76,-0.8,-0.451666667,179,98,4,-112,-186,-23,-119,-39,-62,-37,10,11,39,32,-27,82,0,-73,-98,77,-29,8,-41,-37,-7,-15,6,10,-44,1,-0.583,-0.593,0.555,0.274,-0.025,-0.133,0.151,0.554,0.219,0.019,-0.411,-0.322,0.1644
"115",2017,"PI","s741",12,6,5,5,5,11.8200245,10.5958033,10.9357977,8.99160862,7.62663317,7.36744928,8.39004135,9.19584751,10.1599998,11.6433334,12.7849998,12.0675917,9.248629553,12.1653083,11.1172085,7.995230357,-0.61,-0.52,-0.35,-0.41,-0.41,-0.58,-0.2,0.18,-0.28,-0.68,-0.76,-0.8,-0.451666667,179,98,4,-112,-186,-23,-119,-39,-62,-37,10,11,39,32,-27,82,0,-73,-98,77,-29,8,-41,-37,-7,-15,6,10,-44,1,-0.583,-0.593,0.555,0.274,-0.025,-0.133,0.151,0.554,0.219,0.019,-0.411,-0.322,0.1644
"116",2017,"PI","s742",11,7,6,5,5,11.8200245,10.5958033,10.9357977,8.99160862,7.62663317,7.36744928,8.39004135,9.19584751,10.1599998,11.6433334,12.7849998,12.0675917,9.248629553,12.1653083,11.1172085,7.995230357,-0.61,-0.52,-0.35,-0.41,-0.41,-0.58,-0.2,0.18,-0.28,-0.68,-0.76,-0.8,-0.451666667,179,98,4,-112,-186,-23,-119,-39,-62,-37,10,11,39,32,-27,82,0,-73,-98,77,-29,8,-41,-37,-7,-15,6,10,-44,1,-0.583,-0.593,0.555,0.274,-0.025,-0.133,0.151,0.554,0.219,0.019,-0.411,-0.322,0.1644
"117",2017,"PI","s743",9,6,5,5,4,11.8200245,10.5958033,10.9357977,8.99160862,7.62663317,7.36744928,8.39004135,9.19584751,10.1599998,11.6433334,12.7849998,12.0675917,9.248629553,12.1653083,11.1172085,7.995230357,-0.61,-0.52,-0.35,-0.41,-0.41,-0.58,-0.2,0.18,-0.28,-0.68,-0.76,-0.8,-0.451666667,179,98,4,-112,-186,-23,-119,-39,-62,-37,10,11,39,32,-27,82,0,-73,-98,77,-29,8,-41,-37,-7,-15,6,10,-44,1,-0.583,-0.593,0.555,0.274,-0.025,-0.133,0.151,0.554,0.219,0.019,-0.411,-0.322,0.1644
"118",2017,"PI","s744",10,8,6,6,6,11.8200245,10.5958033,10.9357977,8.99160862,7.62663317,7.36744928,8.39004135,9.19584751,10.1599998,11.6433334,12.7849998,12.0675917,9.248629553,12.1653083,11.1172085,7.995230357,-0.61,-0.52,-0.35,-0.41,-0.41,-0.58,-0.2,0.18,-0.28,-0.68,-0.76,-0.8,-0.451666667,179,98,4,-112,-186,-23,-119,-39,-62,-37,10,11,39,32,-27,82,0,-73,-98,77,-29,8,-41,-37,-7,-15,6,10,-44,1,-0.583,-0.593,0.555,0.274,-0.025,-0.133,0.151,0.554,0.219,0.019,-0.411,-0.322,0.1644
"119",2017,"PI","s746",13,7,7,6,6,11.8200245,10.5958033,10.9357977,8.99160862,7.62663317,7.36744928,8.39004135,9.19584751,10.1599998,11.6433334,12.7849998,12.0675917,9.248629553,12.1653083,11.1172085,7.995230357,-0.61,-0.52,-0.35,-0.41,-0.41,-0.58,-0.2,0.18,-0.28,-0.68,-0.76,-0.8,-0.451666667,179,98,4,-112,-186,-23,-119,-39,-62,-37,10,11,39,32,-27,82,0,-73,-98,77,-29,8,-41,-37,-7,-15,6,10,-44,1,-0.583,-0.593,0.555,0.274,-0.025,-0.133,0.151,0.554,0.219,0.019,-0.411,-0.322,0.1644
"120",2017,"PI","s747",11,9,9,9,9,11.8200245,10.5958033,10.9357977,8.99160862,7.62663317,7.36744928,8.39004135,9.19584751,10.1599998,11.6433334,12.7849998,12.0675917,9.248629553,12.1653083,11.1172085,7.995230357,-0.61,-0.52,-0.35,-0.41,-0.41,-0.58,-0.2,0.18,-0.28,-0.68,-0.76,-0.8,-0.451666667,179,98,4,-112,-186,-23,-119,-39,-62,-37,10,11,39,32,-27,82,0,-73,-98,77,-29,8,-41,-37,-7,-15,6,10,-44,1,-0.583,-0.593,0.555,0.274,-0.025,-0.133,0.151,0.554,0.219,0.019,-0.411,-0.322,0.1644
"121",2017,"PI","s749",10,6,6,5,5,11.8200245,10.5958033,10.9357977,8.99160862,7.62663317,7.36744928,8.39004135,9.19584751,10.1599998,11.6433334,12.7849998,12.0675917,9.248629553,12.1653083,11.1172085,7.995230357,-0.61,-0.52,-0.35,-0.41,-0.41,-0.58,-0.2,0.18,-0.28,-0.68,-0.76,-0.8,-0.451666667,179,98,4,-112,-186,-23,-119,-39,-62,-37,10,11,39,32,-27,82,0,-73,-98,77,-29,8,-41,-37,-7,-15,6,10,-44,1,-0.583,-0.593,0.555,0.274,-0.025,-0.133,0.151,0.554,0.219,0.019,-0.411,-0.322,0.1644
"122",2017,"PI","s750",12,6,5,4,4,11.8200245,10.5958033,10.9357977,8.99160862,7.62663317,7.36744928,8.39004135,9.19584751,10.1599998,11.6433334,12.7849998,12.0675917,9.248629553,12.1653083,11.1172085,7.995230357,-0.61,-0.52,-0.35,-0.41,-0.41,-0.58,-0.2,0.18,-0.28,-0.68,-0.76,-0.8,-0.451666667,179,98,4,-112,-186,-23,-119,-39,-62,-37,10,11,39,32,-27,82,0,-73,-98,77,-29,8,-41,-37,-7,-15,6,10,-44,1,-0.583,-0.593,0.555,0.274,-0.025,-0.133,0.151,0.554,0.219,0.019,-0.411,-0.322,0.1644
"123",2017,"PI","s751",10,8,6,6,6,11.8200245,10.5958033,10.9357977,8.99160862,7.62663317,7.36744928,8.39004135,9.19584751,10.1599998,11.6433334,12.7849998,12.0675917,9.248629553,12.1653083,11.1172085,7.995230357,-0.61,-0.52,-0.35,-0.41,-0.41,-0.58,-0.2,0.18,-0.28,-0.68,-0.76,-0.8,-0.451666667,179,98,4,-112,-186,-23,-119,-39,-62,-37,10,11,39,32,-27,82,0,-73,-98,77,-29,8,-41,-37,-7,-15,6,10,-44,1,-0.583,-0.593,0.555,0.274,-0.025,-0.133,0.151,0.554,0.219,0.019,-0.411,-0.322,0.1644
"124",2018,"DI","Boathouse",20,12,10,6,6,13.9344816,14.6432142,10.736249,9.68061066,8.58251381,8.99869156,9.10664082,10.8280811,12.978159,14.7728443,15.8598394,15.6419964,10.97096031,15.42489337,13.10464827,9.08727201,-0.63,-0.63,-0.74,-0.78,-0.7,-0.79,-1.3,-0.93,-0.51,-0.16,0.36,0.52,-0.524166667,149,182,2,-3,-137,-28,-185,9,-8,-14,29,9,43,35,15,87,-1,35,-49,72,-95,56,13,-14,12,-16,9,13,-2,6,-0.006,-0.314,-0.388,-0.251,0.072,-0.312,-0.58,-0.651,-0.516,-0.85,-0.02,-0.219,-0.2918
"125",2018,"DI","Catwalk.Salmon",11,6,6,5,5,13.9344816,14.6432142,10.736249,9.68061066,8.58251381,8.99869156,9.10664082,10.8280811,12.978159,14.7728443,15.8598394,15.6419964,10.97096031,15.42489337,13.10464827,9.08727201,-0.63,-0.63,-0.74,-0.78,-0.7,-0.79,-1.3,-0.93,-0.51,-0.16,0.36,0.52,-0.524166667,149,182,2,-3,-137,-28,-185,9,-8,-14,29,9,43,35,15,87,-1,35,-49,72,-95,56,13,-14,12,-16,9,13,-2,6,-0.006,-0.314,-0.388,-0.251,0.072,-0.312,-0.58,-0.651,-0.516,-0.85,-0.02,-0.219,-0.2918
"126",2018,"DI","Catwalk.Willow",13,9,8,7,7,13.9344816,14.6432142,10.736249,9.68061066,8.58251381,8.99869156,9.10664082,10.8280811,12.978159,14.7728443,15.8598394,15.6419964,10.97096031,15.42489337,13.10464827,9.08727201,-0.63,-0.63,-0.74,-0.78,-0.7,-0.79,-1.3,-0.93,-0.51,-0.16,0.36,0.52,-0.524166667,149,182,2,-3,-137,-28,-185,9,-8,-14,29,9,43,35,15,87,-1,35,-49,72,-95,56,13,-14,12,-16,9,13,-2,6,-0.006,-0.314,-0.388,-0.251,0.072,-0.312,-0.58,-0.651,-0.516,-0.85,-0.02,-0.219,-0.2918
"127",2018,"DI","Grassy.Knoll",17,14,8,5,4,13.9344816,14.6432142,10.736249,9.68061066,8.58251381,8.99869156,9.10664082,10.8280811,12.978159,14.7728443,15.8598394,15.6419964,10.97096031,15.42489337,13.10464827,9.08727201,-0.63,-0.63,-0.74,-0.78,-0.7,-0.79,-1.3,-0.93,-0.51,-0.16,0.36,0.52,-0.524166667,149,182,2,-3,-137,-28,-185,9,-8,-14,29,9,43,35,15,87,-1,35,-49,72,-95,56,13,-14,12,-16,9,13,-2,6,-0.006,-0.314,-0.388,-0.251,0.072,-0.312,-0.58,-0.651,-0.516,-0.85,-0.02,-0.219,-0.2918
"128",2018,"DI","Salmon.Sequel",11,8,7,6,6,13.9344816,14.6432142,10.736249,9.68061066,8.58251381,8.99869156,9.10664082,10.8280811,12.978159,14.7728443,15.8598394,15.6419964,10.97096031,15.42489337,13.10464827,9.08727201,-0.63,-0.63,-0.74,-0.78,-0.7,-0.79,-1.3,-0.93,-0.51,-0.16,0.36,0.52,-0.524166667,149,182,2,-3,-137,-28,-185,9,-8,-14,29,9,43,35,15,87,-1,35,-49,72,-95,56,13,-14,12,-16,9,13,-2,6,-0.006,-0.314,-0.388,-0.251,0.072,-0.312,-0.58,-0.651,-0.516,-0.85,-0.02,-0.219,-0.2918
"129",2018,"DI","SW.Point",21,15,14,12,11,13.9344816,14.6432142,10.736249,9.68061066,8.58251381,8.99869156,9.10664082,10.8280811,12.978159,14.7728443,15.8598394,15.6419964,10.97096031,15.42489337,13.10464827,9.08727201,-0.63,-0.63,-0.74,-0.78,-0.7,-0.79,-1.3,-0.93,-0.51,-0.16,0.36,0.52,-0.524166667,149,182,2,-3,-137,-28,-185,9,-8,-14,29,9,43,35,15,87,-1,35,-49,72,-95,56,13,-14,12,-16,9,13,-2,6,-0.006,-0.314,-0.388,-0.251,0.072,-0.312,-0.58,-0.651,-0.516,-0.85,-0.02,-0.219,-0.2918
"130",2018,"DI","Willow.Gully",15,13,13,11,11,13.9344816,14.6432142,10.736249,9.68061066,8.58251381,8.99869156,9.10664082,10.8280811,12.978159,14.7728443,15.8598394,15.6419964,10.97096031,15.42489337,13.10464827,9.08727201,-0.63,-0.63,-0.74,-0.78,-0.7,-0.79,-1.3,-0.93,-0.51,-0.16,0.36,0.52,-0.524166667,149,182,2,-3,-137,-28,-185,9,-8,-14,29,9,43,35,15,87,-1,35,-49,72,-95,56,13,-14,12,-16,9,13,-2,6,-0.006,-0.314,-0.388,-0.251,0.072,-0.312,-0.58,-0.651,-0.516,-0.85,-0.02,-0.219,-0.2918
"131",2018,"PI","s741",10,7,7,6,6,11.4816666,10.6049995,9.09874916,8.45435715,6.89999962,8.27844715,8.28666687,9.17000008,10.2033329,11.4499998,12.9650002,12.4025002,9.21999995,12.27250007,10.39513842,7.877601307,-0.63,-0.63,-0.74,-0.78,-0.7,-0.79,-1.3,-0.93,-0.51,-0.16,0.36,0.52,-0.524166667,149,182,2,-3,-137,-28,-185,9,-8,-14,29,9,43,35,15,87,-1,35,-49,72,-95,56,13,-14,12,-16,9,13,-2,6,-0.006,-0.314,-0.388,-0.251,0.072,-0.312,-0.58,-0.651,-0.516,-0.85,-0.02,-0.219,-0.2918
"132",2018,"PI","s742",12,9,8,8,7,11.4816666,10.6049995,9.09874916,8.45435715,6.89999962,8.27844715,8.28666687,9.17000008,10.2033329,11.4499998,12.9650002,12.4025002,9.21999995,12.27250007,10.39513842,7.877601307,-0.63,-0.63,-0.74,-0.78,-0.7,-0.79,-1.3,-0.93,-0.51,-0.16,0.36,0.52,-0.524166667,149,182,2,-3,-137,-28,-185,9,-8,-14,29,9,43,35,15,87,-1,35,-49,72,-95,56,13,-14,12,-16,9,13,-2,6,-0.006,-0.314,-0.388,-0.251,0.072,-0.312,-0.58,-0.651,-0.516,-0.85,-0.02,-0.219,-0.2918
"133",2018,"PI","s743",13,9,8,7,6,11.4816666,10.6049995,9.09874916,8.45435715,6.89999962,8.27844715,8.28666687,9.17000008,10.2033329,11.4499998,12.9650002,12.4025002,9.21999995,12.27250007,10.39513842,7.877601307,-0.63,-0.63,-0.74,-0.78,-0.7,-0.79,-1.3,-0.93,-0.51,-0.16,0.36,0.52,-0.524166667,149,182,2,-3,-137,-28,-185,9,-8,-14,29,9,43,35,15,87,-1,35,-49,72,-95,56,13,-14,12,-16,9,13,-2,6,-0.006,-0.314,-0.388,-0.251,0.072,-0.312,-0.58,-0.651,-0.516,-0.85,-0.02,-0.219,-0.2918
"134",2018,"PI","s744",15,7,6,6,6,11.4816666,10.6049995,9.09874916,8.45435715,6.89999962,8.27844715,8.28666687,9.17000008,10.2033329,11.4499998,12.9650002,12.4025002,9.21999995,12.27250007,10.39513842,7.877601307,-0.63,-0.63,-0.74,-0.78,-0.7,-0.79,-1.3,-0.93,-0.51,-0.16,0.36,0.52,-0.524166667,149,182,2,-3,-137,-28,-185,9,-8,-14,29,9,43,35,15,87,-1,35,-49,72,-95,56,13,-14,12,-16,9,13,-2,6,-0.006,-0.314,-0.388,-0.251,0.072,-0.312,-0.58,-0.651,-0.516,-0.85,-0.02,-0.219,-0.2918
"135",2018,"PI","s746",10,4,3,2,2,11.4816666,10.6049995,9.09874916,8.45435715,6.89999962,8.27844715,8.28666687,9.17000008,10.2033329,11.4499998,12.9650002,12.4025002,9.21999995,12.27250007,10.39513842,7.877601307,-0.63,-0.63,-0.74,-0.78,-0.7,-0.79,-1.3,-0.93,-0.51,-0.16,0.36,0.52,-0.524166667,149,182,2,-3,-137,-28,-185,9,-8,-14,29,9,43,35,15,87,-1,35,-49,72,-95,56,13,-14,12,-16,9,13,-2,6,-0.006,-0.314,-0.388,-0.251,0.072,-0.312,-0.58,-0.651,-0.516,-0.85,-0.02,-0.219,-0.2918
"136",2018,"PI","s747",10,7,6,5,5,11.4816666,10.6049995,9.09874916,8.45435715,6.89999962,8.27844715,8.28666687,9.17000008,10.2033329,11.4499998,12.9650002,12.4025002,9.21999995,12.27250007,10.39513842,7.877601307,-0.63,-0.63,-0.74,-0.78,-0.7,-0.79,-1.3,-0.93,-0.51,-0.16,0.36,0.52,-0.524166667,149,182,2,-3,-137,-28,-185,9,-8,-14,29,9,43,35,15,87,-1,35,-49,72,-95,56,13,-14,12,-16,9,13,-2,6,-0.006,-0.314,-0.388,-0.251,0.072,-0.312,-0.58,-0.651,-0.516,-0.85,-0.02,-0.219,-0.2918
"137",2018,"PI","s749",13,10,10,6,6,11.4816666,10.6049995,9.09874916,8.45435715,6.89999962,8.27844715,8.28666687,9.17000008,10.2033329,11.4499998,12.9650002,12.4025002,9.21999995,12.27250007,10.39513842,7.877601307,-0.63,-0.63,-0.74,-0.78,-0.7,-0.79,-1.3,-0.93,-0.51,-0.16,0.36,0.52,-0.524166667,149,182,2,-3,-137,-28,-185,9,-8,-14,29,9,43,35,15,87,-1,35,-49,72,-95,56,13,-14,12,-16,9,13,-2,6,-0.006,-0.314,-0.388,-0.251,0.072,-0.312,-0.58,-0.651,-0.516,-0.85,-0.02,-0.219,-0.2918
"138",2018,"PI","s750",11,10,9,8,7,11.4816666,10.6049995,9.09874916,8.45435715,6.89999962,8.27844715,8.28666687,9.17000008,10.2033329,11.4499998,12.9650002,12.4025002,9.21999995,12.27250007,10.39513842,7.877601307,-0.63,-0.63,-0.74,-0.78,-0.7,-0.79,-1.3,-0.93,-0.51,-0.16,0.36,0.52,-0.524166667,149,182,2,-3,-137,-28,-185,9,-8,-14,29,9,43,35,15,87,-1,35,-49,72,-95,56,13,-14,12,-16,9,13,-2,6,-0.006,-0.314,-0.388,-0.251,0.072,-0.312,-0.58,-0.651,-0.516,-0.85,-0.02,-0.219,-0.2918
"139",2018,"PI","s751",11,6,5,4,4,11.4816666,10.6049995,9.09874916,8.45435715,6.89999962,8.27844715,8.28666687,9.17000008,10.2033329,11.4499998,12.9650002,12.4025002,9.21999995,12.27250007,10.39513842,7.877601307,-0.63,-0.63,-0.74,-0.78,-0.7,-0.79,-1.3,-0.93,-0.51,-0.16,0.36,0.52,-0.524166667,149,182,2,-3,-137,-28,-185,9,-8,-14,29,9,43,35,15,87,-1,35,-49,72,-95,56,13,-14,12,-16,9,13,-2,6,-0.006,-0.314,-0.388,-0.251,0.072,-0.312,-0.58,-0.651,-0.516,-0.85,-0.02,-0.219,-0.2918
